"id","timestamp","open_price","high_price","low_price","close_price"
1,2017-08-17 03:00:00.000,4261.48,4485.39,4200.74,4285.08
2,2017-08-18 03:00:00.000,4285.08,4371.52,3938.77,4108.37
3,2017-08-19 03:00:00.000,4108.37,4184.69,3850,4139.98
4,2017-08-20 03:00:00.000,4120.98,4211.08,4032.62,4086.29
5,2017-08-21 03:00:00.000,4069.13,4119.62,3911.79,4016
6,2017-08-22 03:00:00.000,4016,4104.82,3400,4040
7,2017-08-23 03:00:00.000,4040,4265.8,4013.89,4114.01
8,2017-08-24 03:00:00.000,4147,4371.68,4085.01,4316.01
9,2017-08-25 03:00:00.000,4316.01,4453.91,4247.48,4280.68
10,2017-08-26 03:00:00.000,4280.71,4367,4212.41,4337.44
11,2017-08-27 03:00:00.000,4332.51,4400,4285.54,4310.01
12,2017-08-28 03:00:00.000,4310.01,4399.82,4124.54,4386.69
13,2017-08-29 03:00:00.000,4353.65,4625.85,4313.55,4587.48
14,2017-08-30 03:00:00.000,4564.52,4647.51,4416.01,4555.14
15,2017-08-31 03:00:00.000,4555.14,4745.42,4555.14,4724.89
16,2017-09-01 03:00:00.000,4689.89,4885.55,4654.88,4834.91
17,2017-09-02 03:00:00.000,4796.16,4939.19,4286.87,4472.14
18,2017-09-03 03:00:00.000,4508.5,4714.76,4298.33,4509.08
19,2017-09-04 03:00:00.000,4505,4527.49,3972.51,4100.11
20,2017-09-05 03:00:00.000,4106.97,4484.99,3603,4366.47
21,2017-09-06 03:00:00.000,4366.49,4662.87,4335.26,4619.77
22,2017-09-07 03:00:00.000,4619.77,4788.59,4438.19,4691.61
23,2017-09-08 03:00:00.000,4691.66,4735.39,4028.93,4282.8
24,2017-09-09 03:00:00.000,4282.8,4426.62,4150.06,4258.81
25,2017-09-10 03:00:00.000,4258.81,4283,3801,4130.37
26,2017-09-11 03:00:00.000,4153.62,4334.43,4098.91,4208.47
27,2017-09-12 03:00:00.000,4208.6,4394.59,4040.8,4163.72
28,2017-09-13 03:00:00.000,4159.72,4165.38,3760,3944.69
29,2017-09-14 03:00:00.000,3944,3993,3165.13,3189.02
30,2017-09-15 03:00:00.000,3188.01,3856,2817,3700
31,2017-09-16 03:00:00.000,3674.01,3950,3470.66,3714.95
32,2017-09-17 03:00:00.000,3685.23,3748.21,3499.02,3699.99
33,2017-09-18 03:00:00.000,3690,4123.2,3690,4035.01
34,2017-09-19 03:00:00.000,4060,4089.97,3830.91,3910.04
35,2017-09-20 03:00:00.000,3910.04,4046.08,3820,3900
36,2017-09-21 03:00:00.000,3889.99,3910,3567,3609.99
37,2017-09-22 03:00:00.000,3592.84,3750,3505.55,3595.87
38,2017-09-23 03:00:00.000,3595.88,3817.19,3542.91,3780
39,2017-09-24 03:00:00.000,3779.54,3789.99,3622.76,3660.02
40,2017-09-25 03:00:00.000,3660.02,3979.87,3653.69,3920.75
41,2017-09-26 03:00:00.000,3928,3976.99,3850.05,3882.35
42,2017-09-27 03:00:00.000,3882.36,4249.94,3872.81,4193
43,2017-09-28 03:00:00.000,4192.11,4300,4101,4174.5
44,2017-09-29 03:00:00.000,4178.98,4263.86,3952.01,4174.69
45,2017-09-30 03:00:00.000,4175,4380,4138.1,4378.51
46,2017-10-01 03:00:00.000,4378.49,4406.52,4240.04,4378.48
47,2017-10-02 03:00:00.000,4400,4561.63,4360,4380
48,2017-10-03 03:00:00.000,4380,4467.33,4180.8,4310
49,2017-10-04 03:00:00.000,4314.9,4373,4142,4208.59
50,2017-10-05 03:00:00.000,4208.59,4355,4110,4292.43
51,2017-10-06 03:00:00.000,4318.99,4417,4292,4369
52,2017-10-07 03:00:00.000,4369,4479.5,4312.56,4423
53,2017-10-08 03:00:00.000,4425,4658,4425,4640
54,2017-10-09 03:00:00.000,4640,4889.98,4550,4786.95
55,2017-10-10 03:00:00.000,4786.95,4960,4680.59,4783.06
56,2017-10-11 03:00:00.000,4783.06,4881.61,4710,4821.43
57,2017-10-12 03:00:00.000,4821.43,5439.99,4810.16,5430
58,2017-10-13 03:00:00.000,5439.99,5846.17,5379.84,5649.98
59,2017-10-14 03:00:00.000,5650,5900,5580.01,5869.99
60,2017-10-15 03:00:00.000,5855.03,5922.3,5400.01,5709.99
61,2017-10-16 03:00:00.000,5710,5788.91,5585.19,5760.02
62,2017-10-17 03:00:00.000,5760,5774.98,5508.63,5595
63,2017-10-18 03:00:00.000,5595,5596,5037.95,5512.06
64,2017-10-19 03:00:00.000,5513,5710,5490.26,5683.9
65,2017-10-20 03:00:00.000,5683.31,6110,5600,6010.01
66,2017-10-21 03:00:00.000,6013.72,6171,5850.03,6024.97
67,2017-10-22 03:00:00.000,6003.27,6060,5720.03,5950.02
68,2017-10-23 03:00:00.000,5975,6080,5621.03,5915.93
69,2017-10-24 03:00:00.000,5909.47,5925,5450,5477.03
70,2017-10-25 03:00:00.000,5506.92,5704.96,5286.98,5689.99
71,2017-10-26 03:00:00.000,5670.1,5939.99,5650,5861.77
72,2017-10-27 03:00:00.000,5861.77,5980,5649.24,5768.83
73,2017-10-28 03:00:00.000,5768.79,5850.02,5630.03,5719.64
74,2017-10-29 03:00:00.000,5709.98,6189.88,5648.01,6169.98
75,2017-10-30 03:00:00.000,6133.01,6248.68,6030,6120.5
76,2017-10-31 03:00:00.000,6120.52,6498.01,6100,6463
77,2017-11-01 03:00:00.000,6463,6774.67,6338.02,6753.98
78,2017-11-02 03:00:00.000,6753.98,7300,6685.1,7019.98
79,2017-11-03 03:00:00.000,7010.31,7346.34,6923,7115.04
80,2017-11-04 03:00:00.000,7115.02,7480.99,6901,7357.09
81,2017-11-05 03:00:00.000,7357.27,7590.25,7279.02,7345.01
82,2017-11-06 03:00:00.000,7345.1,7401,6906,6960.12
83,2017-11-07 03:00:00.000,6981.72,7198.49,6901,7064.04
84,2017-11-08 03:00:00.000,7070,7770.02,6651,7303
85,2017-11-09 03:00:00.000,7303.01,7392,7015,7079.99
86,2017-11-10 03:00:00.000,7079,7279.91,6255.01,6506.98
87,2017-11-11 03:00:00.000,6503,6797.98,6100,6245.05
88,2017-11-12 03:00:00.000,6245.05,6630,5325.01,5811.03
89,2017-11-13 03:00:00.000,5839.94,6697.47,5699.99,6465.99
90,2017-11-14 03:00:00.000,6465.99,6684.98,6311.07,6574.99
91,2017-11-15 03:00:00.000,6575.99,7298,6575.99,7240.06
92,2017-11-16 03:00:00.000,7240.14,7940,7076,7864.5
93,2017-11-17 03:00:00.000,7876.98,7989,7451,7699.19
94,2017-11-18 03:00:00.000,7680.01,7819.99,7422,7761.94
95,2017-11-19 03:00:00.000,7761.94,8123.15,7650.33,8038
96,2017-11-20 03:00:00.000,8057.11,8319.99,7954,8212
97,2017-11-21 03:00:00.000,8212.49,8400,7801,8119.51
98,2017-11-22 03:00:00.000,8091.09,8322.68,8091.09,8205.92
99,2017-11-23 03:00:00.000,8233.03,8260,8000,8019.99
100,2017-11-24 03:00:00.000,8019.97,8369,7850,8138
101,2017-11-25 03:00:00.000,8138.99,8734.78,8090,8700.01
102,2017-11-26 03:00:00.000,8700.04,9350,8604.72,9128.02
103,2017-11-27 03:00:00.000,9128,9654.28,9112.04,9650
104,2017-11-28 03:00:00.000,9650,9939,9570.5,9896.8
105,2017-11-29 03:00:00.000,9896.79,11300.03,8520,9687.88
106,2017-11-30 03:00:00.000,9687.88,10900,8850.8,9838.96
107,2017-12-01 03:00:00.000,9837,10898,9380,10782.99
108,2017-12-02 03:00:00.000,10775.04,11190,10620,10890.01
109,2017-12-03 03:00:00.000,10902.69,11825,10500,11165.41
110,2017-12-04 03:00:00.000,11165.41,11600,10802,11579
111,2017-12-05 03:00:00.000,11571.03,11853,11447.68,11699.99
112,2017-12-06 03:00:00.000,11699.99,13615.23,11665.58,13550.05
113,2017-12-07 03:00:00.000,13541.01,16649.96,13050,16599
114,2017-12-08 03:00:00.000,16599,17204.99,14015,15880
115,2017-12-09 03:00:00.000,15880.01,16269.3,12535,14656.07
116,2017-12-10 03:00:00.000,14664.01,15720.12,12368,14899.98
117,2017-12-11 03:00:00.000,14946.26,17470,14901.08,16587.97
118,2017-12-12 03:00:00.000,16587.97,16976.45,15875,16349.99
119,2017-12-13 03:00:00.000,16349.99,16546,14666.56,16033.29
120,2017-12-14 03:00:00.000,16030.34,16445,15450,16334.98
121,2017-12-15 03:00:00.000,16334.98,17991,16298.45,17539.83
122,2017-12-16 03:00:00.000,17516.81,19539,17190.01,19102.66
123,2017-12-17 03:00:00.000,19120.19,19798.68,18510,18860.02
124,2017-12-18 03:00:00.000,18860.04,19300,17029.98,18856.25
125,2017-12-19 03:00:00.000,18856.25,18950,16300,17295.2
126,2017-12-20 03:00:00.000,17295.2,17720.35,14777.66,16488.98
127,2017-12-21 03:00:00.000,16480.52,17309.5,14022,15492.64
128,2017-12-22 03:00:00.000,15514.03,15699.34,10961,13326.61
129,2017-12-23 03:00:00.000,13326.61,14950,12978.18,13300
130,2017-12-24 03:00:00.000,13300,13819.99,11640,13500
131,2017-12-25 03:00:00.000,13500,14300,12708,13699.34
132,2017-12-26 03:00:00.000,13699.34,16050,13533,15689.01
133,2017-12-27 03:00:00.000,15709.98,16498.05,14200.15,15459.99
134,2017-12-28 03:00:00.000,15459.97,15539.99,13150,14182.11
135,2017-12-29 03:00:00.000,14199.14,14981,13850,14378.9
136,2017-12-30 03:00:00.000,14378.99,14398.85,11750,12440.01
137,2017-12-31 03:00:00.000,12345.1,14050.11,12149.98,13716.36
138,2018-01-01 03:00:00.000,13715.65,13818.55,12750,13380
139,2018-01-02 03:00:00.000,13382.16,15473.49,12890.02,14675.11
140,2018-01-03 03:00:00.000,14690,15307.56,14150,14919.51
141,2018-01-04 03:00:00.000,14919.51,15280,13918.04,15059.54
142,2018-01-05 03:00:00.000,15059.56,17176.24,14600,16960.39
143,2018-01-06 03:00:00.000,16960.39,17143.13,16011.21,17069.79
144,2018-01-07 03:00:00.000,17069.79,17099.96,15610,16150.03
145,2018-01-08 03:00:00.000,16218.85,16322.3,12812,14902.54
146,2018-01-09 03:00:00.000,14902.54,15500,14011.05,14400
147,2018-01-10 03:00:00.000,14401,14955.66,13131.31,14907.09
148,2018-01-11 03:00:00.000,14940,14968.68,11400,13238.78
149,2018-01-12 03:00:00.000,13238.76,14109.78,12500,13740.01
150,2018-01-13 03:00:00.000,13749.95,14580,13706.15,14210
151,2018-01-14 03:00:00.000,14210,14339.5,12569.2,13474.99
152,2018-01-15 03:00:00.000,13477.98,14249.99,13147.79,13539.93
153,2018-01-16 03:00:00.000,13500,13542.93,9035,10900
154,2018-01-17 03:00:00.000,10899.99,11680.99,9037.94,10988.79
155,2018-01-18 03:00:00.000,10972.59,11878.82,10435.33,10961.97
156,2018-01-19 03:00:00.000,10960,11795,10360,11474.98
157,2018-01-20 03:00:00.000,11474.98,13099,11412.45,12799.94
158,2018-01-21 03:00:00.000,12799.8,12799.8,10965,11530
159,2018-01-22 03:00:00.000,11530,11926.35,9900.24,10760.05
160,2018-01-23 03:00:00.000,10760.05,11399,9905,10799.18
161,2018-01-24 03:00:00.000,10799.14,11570.48,10500,11349.99
162,2018-01-25 03:00:00.000,11349.96,11794.05,10950.21,11175.27
163,2018-01-26 03:00:00.000,11184.7,11643,10311.15,11089
164,2018-01-27 03:00:00.000,11089,11650,10842.69,11491
165,2018-01-28 03:00:00.000,11499.98,12244,11408,11879.95
166,2018-01-29 03:00:00.000,11879.95,11975.02,11139.55,11251
167,2018-01-30 03:00:00.000,11250.11,11308.42,9900,10237.51
168,2018-01-31 03:00:00.000,10230,10425.85,9700,10285.1
169,2018-02-01 03:00:00.000,10285.1,10335,8750.99,9224.52
170,2018-02-02 03:00:00.000,9224.52,9250,8010.02,8873.03
171,2018-02-03 03:00:00.000,8873.03,9473.01,8229,9199.96
172,2018-02-04 03:00:00.000,9199.96,9368,7930,8184.81
173,2018-02-05 03:00:00.000,8179.99,8382.8,6625,6939.99
174,2018-02-06 03:00:00.000,6939.63,7878,6000.01,7652.14
175,2018-02-07 03:00:00.000,7655.02,8476,7150.01,7599
176,2018-02-08 03:00:00.000,7599,7844,7572.09,7784.02
177,2018-02-09 03:00:00.000,7789.9,8738,7789.9,8683.92
178,2018-02-10 03:00:00.000,8683.93,9065.78,8120,8533.98
179,2018-02-11 03:00:00.000,8533.99,8549,7726.53,8063.88
180,2018-02-12 03:00:00.000,8063.82,8989,8053,8903
181,2018-02-13 03:00:00.000,8903,8950,8351,8539.9
182,2018-02-14 03:00:00.000,8535.17,9489.6,8533,9449.99
183,2018-02-15 03:00:00.000,9449.98,10219.5,9301.5,10000.09
184,2018-02-16 03:00:00.000,10000.89,10323.37,9666,10159.98
185,2018-02-17 03:00:00.000,10156.07,11075.07,10050,11039.55
186,2018-02-18 03:00:00.000,11039.55,11274,10080,10383.43
187,2018-02-19 03:00:00.000,10375.01,11250,10270.33,11153
188,2018-02-20 03:00:00.000,11147.11,11786.01,11100.59,11200.99
189,2018-02-21 03:00:00.000,11195.07,11304.03,10200,10437.6
190,2018-02-22 03:00:00.000,10439.02,10933.44,9679,9811.04
191,2018-02-23 03:00:00.000,9815.55,10435,9570.19,10131.04
192,2018-02-24 03:00:00.000,10131.04,10496.97,9352,9694.51
193,2018-02-25 03:00:00.000,9694.51,9847,9274.8,9590
194,2018-02-26 03:00:00.000,9590,10444.32,9350,10324
195,2018-02-27 03:00:00.000,10321,10870,10121,10569.04
196,2018-02-28 03:00:00.000,10584.33,11098,10300,10326.76
197,2018-03-01 03:00:00.000,10325.64,11060.41,10240,10920
198,2018-03-02 03:00:00.000,10923.36,11200,10770,11039
199,2018-03-03 03:00:00.000,11038.99,11544,11015.01,11464.48
200,2018-03-04 03:00:00.000,11464.47,11565,11050.02,11515
201,2018-03-05 03:00:00.000,11515,11710,11415.01,11454
202,2018-03-06 03:00:00.000,11455,11455,10555.48,10716.48
203,2018-03-07 03:00:00.000,10716.48,10899,9389.31,9910
204,2018-03-08 03:00:00.000,9910,10099,9060,9271.64
205,2018-03-09 03:00:00.000,9267.07,9410,8329,9227
206,2018-03-10 03:00:00.000,9230,9490,8667.07,8770.22
207,2018-03-11 03:00:00.000,8770.22,9740,8450,9533.57
208,2018-03-12 03:00:00.000,9533.57,9888.88,8780,9131.34
209,2018-03-13 03:00:00.000,9131.34,9474,8823,9150
210,2018-03-14 03:00:00.000,9151.92,9333.78,7900.28,8170
211,2018-03-15 03:00:00.000,8184.01,8430,7650,8240.98
212,2018-03-16 03:00:00.000,8240.98,8611.64,7900,8260
213,2018-03-17 03:00:00.000,8260,8348.62,7721.99,7824.8
214,2018-03-18 03:00:00.000,7824.01,8317.4,7322,8189.99
215,2018-03-19 03:00:00.000,8189,8705.23,8088.4,8600
216,2018-03-20 03:00:00.000,8595.01,9050,8280,8909.98
217,2018-03-21 03:00:00.000,8909.96,9177.01,8750.6,8885
218,2018-03-22 03:00:00.000,8884.82,9100,8465.1,8722.9
219,2018-03-23 03:00:00.000,8720,8909,8269,8898.03
220,2018-03-24 03:00:00.000,8898.04,8999.95,8491,8546.86
221,2018-03-25 03:00:00.000,8531.25,8669.85,8365.77,8470.15
222,2018-03-26 03:00:00.000,8470.14,8514.89,7831,8134.23
223,2018-03-27 03:00:00.000,8134.22,8215.94,7730,7795.51
224,2018-03-28 03:00:00.000,7795.51,8109,7728,7949.3
225,2018-03-29 03:00:00.000,7949.3,7975,6941.11,7090.14
226,2018-03-30 03:00:00.000,7090.16,7292.43,6600.1,6840.23
227,2018-03-31 03:00:00.000,6840.24,7223.36,6777,6923.91
228,2018-04-01 03:00:00.000,6922,7049.98,6430,6813.01
229,2018-04-02 03:00:00.000,6813.01,7125,6765,7056
230,2018-04-03 03:00:00.000,7063.97,7520,7011.01,7405.21
231,2018-04-04 03:00:00.000,7405.21,7427.52,6707,6796.1
232,2018-04-05 03:00:00.000,6796.1,6902,6566.69,6770.76
233,2018-04-06 03:00:00.000,6770,6850,6500,6601.39
234,2018-04-07 03:00:00.000,6601.39,7070,6586.28,6895.8
235,2018-04-08 03:00:00.000,6895.81,7109.13,6880,7018
236,2018-04-09 03:00:00.000,7011.04,7185,6611,6782.72
237,2018-04-10 03:00:00.000,6781.55,6890,6656,6843.9
238,2018-04-11 03:00:00.000,6839.56,6990,6787,6953.79
239,2018-04-12 03:00:00.000,6953.78,8012.23,6743.2,7923
240,2018-04-13 03:00:00.000,7922.99,8233.39,7732,7877.41
241,2018-04-14 03:00:00.000,7877.48,8186,7810,7999.01
242,2018-04-15 03:00:00.000,8004,8429.54,7999.02,8355
243,2018-04-16 03:00:00.000,8355.07,8419,7867,8064.92
244,2018-04-17 03:00:00.000,8064.92,8173.7,7825.4,7885.02
245,2018-04-18 03:00:00.000,7890.96,8236.43,7868,8173
246,2018-04-19 03:00:00.000,8173.99,8296,8080,8278
247,2018-04-20 03:00:00.000,8273.84,8930,8177.09,8856.98
248,2018-04-21 03:00:00.000,8852.12,9035,8565,8915.31
249,2018-04-22 03:00:00.000,8915.31,9020.67,8727.68,8787.02
250,2018-04-23 03:00:00.000,8785.7,8985,8745,8934.01
251,2018-04-24 03:00:00.000,8934,9731.01,8922,9619.99
252,2018-04-25 03:00:00.000,9618.96,9759.82,8730,8869.99
253,2018-04-26 03:00:00.000,8869.99,9307.48,8651.62,9266
254,2018-04-27 03:00:00.000,9267.03,9395,8889,8915.35
255,2018-04-28 03:00:00.000,8915.35,9427.48,8870,9348
256,2018-04-29 03:00:00.000,9348,9570.51,9163.74,9419
257,2018-04-30 03:00:00.000,9417.04,9458.64,9124.99,9246.01
258,2018-05-01 03:00:00.000,9246.01,9248.99,8800.49,9071.48
259,2018-05-02 03:00:00.000,9071.48,9268,8970.2,9247.84
260,2018-05-03 03:00:00.000,9247.81,9844,9168.4,9750
261,2018-05-04 03:00:00.000,9750,9830.04,9520.85,9713.99
262,2018-05-05 03:00:00.000,9714,10020,9682,9864
263,2018-05-06 03:00:00.000,9863.99,9970,9417.03,9659.01
264,2018-05-07 03:00:00.000,9661.02,9689.67,9181,9365
265,2018-05-08 03:00:00.000,9365,9475.7,9060.54,9187.56
266,2018-05-09 03:00:00.000,9178,9390,8965,9310
267,2018-05-10 03:00:00.000,9310,9395.12,8970,9002.2
268,2018-05-11 03:00:00.000,9002.21,9016.8,8341,8400
269,2018-05-12 03:00:00.000,8405.94,8646.88,8153,8465.94
270,2018-05-13 03:00:00.000,8475.44,8763.36,8298,8679.71
271,2018-05-14 03:00:00.000,8679.71,8879.99,8277,8663.34
272,2018-05-15 03:00:00.000,8663.37,8859.99,8401.3,8462
273,2018-05-16 03:00:00.000,8462,8488,8083.01,8330
274,2018-05-17 03:00:00.000,8330,8464,7979,8041.46
275,2018-05-18 03:00:00.000,8038.82,8273.21,7911.9,8239.81
276,2018-05-19 03:00:00.000,8238.01,8390.8,8095.73,8233.49
277,2018-05-20 03:00:00.000,8233.49,8609,8163.9,8526.98
278,2018-05-21 03:00:00.000,8526.97,8595.31,8305,8381.24
279,2018-05-22 03:00:00.000,8386.89,8400.18,7935.11,7977.11
280,2018-05-23 03:00:00.000,7977.12,8031.9,7425,7501.95
281,2018-05-24 03:00:00.000,7501.95,7730.73,7266.99,7575.01
282,2018-05-25 03:00:00.000,7578.99,7649.55,7308.15,7457
283,2018-05-26 03:00:00.000,7456.99,7620,7300,7333.96
284,2018-05-27 03:00:00.000,7334,7400,7231.11,7338.99
285,2018-05-28 03:00:00.000,7338.99,7437,7058.02,7099
286,2018-05-29 03:00:00.000,7099,7540,7032.95,7461.29
287,2018-05-30 03:00:00.000,7467.98,7569,7260.5,7375.96
288,2018-05-31 03:00:00.000,7382.07,7699,7327.51,7485.01
289,2018-06-01 03:00:00.000,7485.01,7608.55,7355.54,7521.01
290,2018-06-02 03:00:00.000,7521.01,7697.33,7437,7640.03
291,2018-06-03 03:00:00.000,7636.81,7786.69,7600,7714.26
292,2018-06-04 03:00:00.000,7714.26,7760.52,7446.5,7487
293,2018-06-05 03:00:00.000,7487,7679.49,7358,7625
294,2018-06-06 03:00:00.000,7626.64,7699,7467.05,7658.84
295,2018-06-07 03:00:00.000,7658.79,7765,7620,7691.08
296,2018-06-08 03:00:00.000,7691.08,7703.5,7531,7603.44
297,2018-06-09 03:00:00.000,7603.44,7683.98,7450,7491.73
298,2018-06-10 03:00:00.000,7491.73,7491.73,6622.81,6764.99
299,2018-06-11 03:00:00.000,6765,6922,6610,6872
300,2018-06-12 03:00:00.000,6872,6890.51,6435,6530
301,2018-06-13 03:00:00.000,6530,6627.6,6118.68,6292.78
302,2018-06-14 03:00:00.000,6292.78,6720,6260,6635.98
303,2018-06-15 03:00:00.000,6638.67,6666.66,6362.31,6388.9
304,2018-06-16 03:00:00.000,6380.01,6560,6320.86,6483.98
305,2018-06-17 03:00:00.000,6482.5,6589.03,6422,6449.61
306,2018-06-18 03:00:00.000,6444.06,6794.38,6380,6712.46
307,2018-06-19 03:00:00.000,6711.39,6841.74,6653,6741.21
308,2018-06-20 03:00:00.000,6740,6817.23,6551.81,6761.51
309,2018-06-21 03:00:00.000,6763.21,6795,6672.57,6718.84
310,2018-06-22 03:00:00.000,6717.69,6733.97,5918.94,6045
311,2018-06-23 03:00:00.000,6045.92,6260,6008.48,6149.98
312,2018-06-24 03:00:00.000,6149.98,6259.8,5750,6136.97
313,2018-06-25 03:00:00.000,6137.95,6350,6061.97,6252
314,2018-06-26 03:00:00.000,6252,6272.54,6035,6070.78
315,2018-06-27 03:00:00.000,6065.89,6190.43,5971,6133.73
316,2018-06-28 03:00:00.000,6134.73,6173.01,5827,5853.98
317,2018-06-29 03:00:00.000,5851.01,6300,5780,6197.92
318,2018-06-30 03:00:00.000,6197.92,6528.99,6186.03,6390.07
319,2018-07-01 03:00:00.000,6391.08,6441.06,6251,6356.81
320,2018-07-02 03:00:00.000,6360.82,6685,6271.62,6615.29
321,2018-07-03 03:00:00.000,6615.29,6679.35,6463.01,6513.86
322,2018-07-04 03:00:00.000,6511.01,6784.92,6441.11,6586.98
323,2018-07-05 03:00:00.000,6585.53,6712,6453.33,6529.2
324,2018-07-06 03:00:00.000,6529.2,6648.54,6425,6609.78
325,2018-07-07 03:00:00.000,6609.79,6818.16,6508.88,6756.98
326,2018-07-08 03:00:00.000,6753.48,6780,6667.44,6712.1
327,2018-07-09 03:00:00.000,6712.1,6802.06,6612.24,6662.12
328,2018-07-10 03:00:00.000,6662.78,6681,6263,6296.91
329,2018-07-11 03:00:00.000,6296.91,6406,6278.99,6378.07
330,2018-07-12 03:00:00.000,6378.07,6380.28,6070,6250.57
331,2018-07-13 03:00:00.000,6251.4,6350,6110,6214.57
332,2018-07-14 03:00:00.000,6214.57,6335,6178,6251.99
333,2018-07-15 03:00:00.000,6250.9,6395,6225.4,6353.01
334,2018-07-16 03:00:00.000,6354.15,6747.3,6330.4,6723.35
335,2018-07-17 03:00:00.000,6723.33,7468.99,6652.04,7317.44
336,2018-07-18 03:00:00.000,7317.44,7588.08,7225.38,7381.9
337,2018-07-19 03:00:00.000,7381.88,7576.28,7270,7466.21
338,2018-07-20 03:00:00.000,7468.86,7700,7273,7337.53
339,2018-07-21 03:00:00.000,7337.47,7458.47,7211,7398.78
340,2018-07-22 03:00:00.000,7399.25,7582.4,7335.5,7394.79
341,2018-07-23 03:00:00.000,7394.78,7833,7375,7721.01
342,2018-07-24 03:00:00.000,7721.65,8486,7696,8397.24
343,2018-07-25 03:00:00.000,8397.24,8491.77,8050,8175.64
344,2018-07-26 03:00:00.000,8175.63,8315.69,7850.06,7920
345,2018-07-27 03:00:00.000,7920,8285,7805,8188.57
346,2018-07-28 03:00:00.000,8188.57,8246.54,8067,8225.04
347,2018-07-29 03:00:00.000,8225.04,8294.51,8115,8211
348,2018-07-30 03:00:00.000,8210.99,8273,7866,8173.92
349,2018-07-31 03:00:00.000,8171.4,8180,7633,7730.93
350,2018-08-01 03:00:00.000,7735.67,7750,7430,7604.58
351,2018-08-02 03:00:00.000,7600.08,7709.46,7455.72,7525.71
352,2018-08-03 03:00:00.000,7525.71,7540,7282.44,7418.78
353,2018-08-04 03:00:00.000,7412.27,7494.81,6926,7009.84
354,2018-08-05 03:00:00.000,7009.84,7089.87,6882.29,7024.19
355,2018-08-06 03:00:00.000,7024.19,7160,6821,6934.82
356,2018-08-07 03:00:00.000,6935,7150.46,6670,6720.06
357,2018-08-08 03:00:00.000,6720.63,6721.54,6123,6285
358,2018-08-09 03:00:00.000,6283.27,6622.81,6178.6,6529.79
359,2018-08-10 03:00:00.000,6529.79,6575.88,6026.39,6144.01
360,2018-08-11 03:00:00.000,6148.13,6488,5971,6232.35
361,2018-08-12 03:00:00.000,6222.55,6472.3,6130,6308.33
362,2018-08-13 03:00:00.000,6308.56,6545,6145.04,6246.35
363,2018-08-14 03:00:00.000,6248.25,6250.33,5880,6188.08
364,2018-08-15 03:00:00.000,6188.08,6609,6172.11,6267.16
365,2018-08-16 03:00:00.000,6265.27,6480,6205.6,6311.75
366,2018-08-17 03:00:00.000,6316,6585,6285.4,6584.49
367,2018-08-18 03:00:00.000,6579.04,6620,6288,6387.96
368,2018-08-19 03:00:00.000,6387.96,6541,6300,6477.53
369,2018-08-20 03:00:00.000,6477.53,6530,6220,6254.84
370,2018-08-21 03:00:00.000,6251,6500,6235.08,6480
371,2018-08-22 03:00:00.000,6479.98,6882.54,6251.2,6360.89
372,2018-08-23 03:00:00.000,6362.57,6576.99,6342.28,6525.01
373,2018-08-24 03:00:00.000,6525,6725,6440.5,6681.64
374,2018-08-25 03:00:00.000,6686.98,6789,6650.61,6733.64
375,2018-08-26 03:00:00.000,6733.64,6775.27,6568,6700
376,2018-08-27 03:00:00.000,6700,6940.51,6646.5,6908.64
377,2018-08-28 03:00:00.000,6907.26,7135,6860,7076.11
378,2018-08-29 03:00:00.000,7077,7133.81,6912.34,7031.22
379,2018-08-30 03:00:00.000,7033.21,7063.63,6784.81,6984.84
380,2018-08-31 03:00:00.000,6984.84,7089,6888,7011.21
381,2018-09-01 03:00:00.000,7011.21,7275,7008.74,7200.01
382,2018-09-02 03:00:00.000,7201.57,7345.45,7127,7302.01
383,2018-09-03 03:00:00.000,7302,7338.28,7191.63,7263.02
384,2018-09-04 03:00:00.000,7263,7410,7227.17,7359.06
385,2018-09-05 03:00:00.000,7359.05,7397.3,6682,6700
386,2018-09-06 03:00:00.000,6697.27,6725,6265,6516.01
387,2018-09-07 03:00:00.000,6516.84,6544,6320,6395.54
388,2018-09-08 03:00:00.000,6395.54,6478,6111,6185.05
389,2018-09-09 03:00:00.000,6185.06,6441,6141.53,6250.81
390,2018-09-10 03:00:00.000,6252.26,6373.98,6221,6312
391,2018-09-11 03:00:00.000,6311.99,6404,6169.68,6294.91
392,2018-09-12 03:00:00.000,6293,6360,6192.37,6338.62
393,2018-09-13 03:00:00.000,6338.62,6535,6337.4,6487.38
394,2018-09-14 03:00:00.000,6487.39,6584.99,6385.62,6476.63
395,2018-09-15 03:00:00.000,6476.63,6565.45,6466.13,6514.96
396,2018-09-16 03:00:00.000,6514.96,6524.62,6370,6505
397,2018-09-17 03:00:00.000,6500.08,6533.84,6201,6248.69
398,2018-09-18 03:00:00.000,6248.69,6390,6224.98,6336.45
399,2018-09-19 03:00:00.000,6336.39,6517.7,6123,6391.89
400,2018-09-20 03:00:00.000,6392,6540,6325,6492
401,2018-09-21 03:00:00.000,6492,6784.86,6491,6759.02
402,2018-09-22 03:00:00.000,6759.01,6839.03,6627,6723.05
403,2018-09-23 03:00:00.000,6723.05,6788.23,6661.75,6708
404,2018-09-24 03:00:00.000,6706.81,6730,6557,6581.39
405,2018-09-25 03:00:00.000,6581.42,6584.01,6325.02,6447.54
406,2018-09-26 03:00:00.000,6445.11,6557.99,6379.7,6465.12
407,2018-09-27 03:00:00.000,6467.84,6750,6434,6689.13
408,2018-09-28 03:00:00.000,6689.12,6814.8,6540.88,6634.58
409,2018-09-29 03:00:00.000,6634.58,6636,6464.57,6596.38
410,2018-09-30 03:00:00.000,6597.66,6662,6533,6626.57
411,2018-10-01 03:00:00.000,6626.57,6667.09,6510,6611.61
412,2018-10-02 03:00:00.000,6610,6640,6494,6525.79
413,2018-10-03 03:00:00.000,6525.79,6549,6430,6510
414,2018-10-04 03:00:00.000,6510.01,6643.46,6505.09,6593.79
415,2018-10-05 03:00:00.000,6591.69,6697,6543.08,6635.65
416,2018-10-06 03:00:00.000,6635.65,6651,6566.77,6594.27
417,2018-10-07 03:00:00.000,6596.44,6640,6525,6615.26
418,2018-10-08 03:00:00.000,6615.26,6715.6,6587,6673.01
419,2018-10-09 03:00:00.000,6673.01,6685.38,6607,6656.61
420,2018-10-10 03:00:00.000,6656.67,6659.95,6530,6631
421,2018-10-11 03:00:00.000,6630.21,6633.92,6205,6252.68
422,2018-10-12 03:00:00.000,6252.71,6360,6209,6298.01
423,2018-10-13 03:00:00.000,6298,6345,6285.07,6332.93
424,2018-10-14 03:00:00.000,6332.92,6416,6308,6339.34
425,2018-10-15 03:00:00.000,6339.34,7680,6300,6752.5
426,2018-10-16 03:00:00.000,6752.5,6900,6670,6759.27
427,2018-10-17 03:00:00.000,6762.76,6811.12,6676.01,6740.89
428,2018-10-18 03:00:00.000,6739.01,6796,6567,6618.96
429,2018-10-19 03:00:00.000,6618.96,6648.14,6523,6528.88
430,2018-10-20 03:00:00.000,6528.88,6617.65,6505.55,6588.4
431,2018-10-21 03:00:00.000,6585.72,6663.9,6580,6590.11
432,2018-10-22 03:00:00.000,6590.12,6639,6535.27,6581.2
433,2018-10-23 03:00:00.000,6581.2,6595,6515.45,6553.51
434,2018-10-24 03:00:00.000,6553.51,6630,6547.53,6565.5
435,2018-10-25 03:00:00.000,6566.81,6575.09,6502.8,6528.09
436,2018-10-26 03:00:00.000,6528.13,6600,6515.01,6538.63
437,2018-10-27 03:00:00.000,6538.63,6558.35,6463.04,6505.6
438,2018-10-28 04:00:00.000,6505.6,6514.17,6453,6489.93
439,2018-10-29 04:00:00.000,6489.93,6505.01,6315,6344.5
440,2018-10-30 04:00:00.000,6344.5,6395,6317.01,6330.87
441,2018-10-31 04:00:00.000,6330.01,6428,6245.02,6371.93
442,2018-11-01 04:00:00.000,6369.52,6442.65,6348.66,6410
443,2018-11-02 04:00:00.000,6410,6460.34,6388.2,6433.98
444,2018-11-03 04:00:00.000,6432.8,6439.97,6345,6387.09
445,2018-11-04 04:00:00.000,6388,6525,6359,6485.85
446,2018-11-05 04:00:00.000,6485.85,6504.39,6431.02,6468.99
447,2018-11-06 04:00:00.000,6468.99,6531.31,6445.18,6519.11
448,2018-11-07 04:00:00.000,6522.73,6615.15,6509,6578.46
449,2018-11-08 04:00:00.000,6578.46,6594,6468.22,6479.84
450,2018-11-09 04:00:00.000,6479.84,6511.53,6391.01,6419.99
451,2018-11-10 04:00:00.000,6419.99,6475.55,6411,6433.05
452,2018-11-11 04:00:00.000,6435.16,6462.14,6355,6449.81
453,2018-11-12 04:00:00.000,6450.71,6497,6421,6453.07
454,2018-11-13 04:00:00.000,6451.68,6498,6391.15,6457.66
455,2018-11-14 04:00:00.000,6458.98,6482.84,5656.87,5922.41
456,2018-11-15 04:00:00.000,5917.2,5939.54,5403.42,5753.4
457,2018-11-16 04:00:00.000,5757.09,5782.89,5549.25,5655.94
458,2018-11-17 04:00:00.000,5650.57,5656.6,5565.43,5628.29
459,2018-11-18 04:00:00.000,5630.49,5738.17,5617,5662
460,2018-11-19 04:00:00.000,5661.94,5664,4855,4910.03
461,2018-11-20 04:00:00.000,4913.4,5048.24,4326,4558.86
462,2018-11-21 04:00:00.000,4559.91,4787.2,4413.85,4661.07
463,2018-11-22 04:00:00.000,4661.08,4721.77,4335,4370
464,2018-11-23 04:00:00.000,4370.9,4484,4222.94,4420.61
465,2018-11-24 04:00:00.000,4415.63,4527,3824.69,3932.44
466,2018-11-25 04:00:00.000,3933.68,4233,3652.66,4085.78
467,2018-11-26 04:00:00.000,4088.69,4206,3701,3862.2
468,2018-11-27 04:00:00.000,3864.45,3940,3689.12,3875.21
469,2018-11-28 04:00:00.000,3875.63,4394.47,3874.27,4264.85
470,2018-11-29 04:00:00.000,4262.06,4450.38,4125.65,4295.84
471,2018-11-30 04:00:00.000,4295.72,4341.36,3943,4041.32
472,2018-12-01 04:00:00.000,4041.27,4299.99,3963.01,4190.02
473,2018-12-02 04:00:00.000,4190.98,4312.99,4103.04,4161.01
474,2018-12-03 04:00:00.000,4160.55,4179,3827,3884.01
475,2018-12-04 04:00:00.000,3884.76,4085,3781,3951.64
476,2018-12-05 04:00:00.000,3950.98,3970,3745,3769.84
477,2018-12-06 04:00:00.000,3768.44,3899.99,3500,3508.75
478,2018-12-07 04:00:00.000,3508.75,3549.99,3224.6,3403.55
479,2018-12-08 04:00:00.000,3403.57,3495,3222,3410.93
480,2018-12-09 04:00:00.000,3411.36,3658,3394.04,3545.37
481,2018-12-10 04:00:00.000,3548.49,3610,3370.11,3432.88
482,2018-12-11 04:00:00.000,3434.01,3480,3324.32,3380.39
483,2018-12-12 04:00:00.000,3379.23,3492,3350,3445
484,2018-12-13 04:00:00.000,3446.38,3460,3255.5,3302.06
485,2018-12-14 04:00:00.000,3302.06,3335.39,3177,3224.17
486,2018-12-15 04:00:00.000,3225.19,3276.5,3156.26,3211.72
487,2018-12-16 04:00:00.000,3211.71,3294,3186,3228.67
488,2018-12-17 04:00:00.000,3229.22,3585,3216,3509.08
489,2018-12-18 04:00:00.000,3509.03,3678.59,3424.47,3652.98
490,2018-12-19 04:00:00.000,3653,3912.73,3622.55,3662.22
491,2018-12-20 04:00:00.000,3660.01,4120,3635,4049.62
492,2018-12-21 04:00:00.000,4051.86,4139.99,3764,3838.66
493,2018-12-22 04:00:00.000,3840.25,3979,3785,3948.91
494,2018-12-23 04:00:00.000,3948.91,4021.53,3870,3929.71
495,2018-12-24 04:00:00.000,3929.71,4198,3924.83,4008.01
496,2018-12-25 04:00:00.000,4010.11,4020,3646.41,3745.79
497,2018-12-26 04:00:00.000,3745.56,3837.15,3656.74,3777.74
498,2018-12-27 04:00:00.000,3777.74,3813.98,3535,3567.91
499,2018-12-28 04:00:00.000,3567.89,3887.25,3540.04,3839.26
500,2018-12-29 04:00:00.000,3839,3892,3670,3695.32
501,2018-12-30 04:00:00.000,3696.71,3903.5,3657.9,3801.91
502,2018-12-31 04:00:00.000,3803.12,3810,3630.33,3702.9
503,2019-01-01 04:00:00.000,3701.23,3810.16,3642,3797.14
504,2019-01-02 04:00:00.000,3796.45,3882.14,3750.45,3858.56
505,2019-01-03 04:00:00.000,3857.57,3862.74,3730,3766.78
506,2019-01-04 04:00:00.000,3767.2,3823.64,3703.57,3792.01
507,2019-01-05 04:00:00.000,3790.09,3840.99,3751,3770.96
508,2019-01-06 04:00:00.000,3771.12,4027.71,3740,3987.6
509,2019-01-07 04:00:00.000,3987.62,4017.9,3921.53,3975.45
510,2019-01-08 04:00:00.000,3976.76,4069.8,3903,3955.13
511,2019-01-09 04:00:00.000,3955.45,4006.81,3930.04,3966.65
512,2019-01-10 04:00:00.000,3966.06,3996.01,3540,3585.88
513,2019-01-11 04:00:00.000,3585.88,3658,3465,3601.31
514,2019-01-12 04:00:00.000,3601.31,3618.19,3530,3583.13
515,2019-01-13 04:00:00.000,3584.1,3611.1,3441.3,3476.81
516,2019-01-14 04:00:00.000,3477.56,3671.87,3467.02,3626.09
517,2019-01-15 04:00:00.000,3626.08,3648.42,3516.62,3553.06
518,2019-01-16 04:00:00.000,3553.06,3645,3543.51,3591.84
519,2019-01-17 04:00:00.000,3591.84,3634.7,3530.39,3616.21
520,2019-01-18 04:00:00.000,3613.32,3620,3565.75,3594.87
521,2019-01-19 04:00:00.000,3594.87,3720,3594.23,3665.3
522,2019-01-20 04:00:00.000,3665.75,3693.73,3475,3539.28
523,2019-01-21 04:00:00.000,3539.26,3559.51,3475.5,3526.9
524,2019-01-22 04:00:00.000,3526.88,3608.5,3434.85,3570.93
525,2019-01-23 04:00:00.000,3570.41,3607.98,3514.5,3552.82
526,2019-01-24 04:00:00.000,3552.97,3589,3529.22,3569.62
527,2019-01-25 04:00:00.000,3569.07,3587.15,3522.51,3565.29
528,2019-01-26 04:00:00.000,3566.69,3662.94,3545,3565.25
529,2019-01-27 04:00:00.000,3565.62,3579,3486,3550.84
530,2019-01-28 04:00:00.000,3550.05,3557.75,3380.27,3434.15
531,2019-01-29 04:00:00.000,3434,3443.45,3349.92,3411.04
532,2019-01-30 04:00:00.000,3410.04,3478,3387.1,3458.18
533,2019-01-31 04:00:00.000,3457.5,3489.2,3418.8,3434.1
534,2019-02-01 04:00:00.000,3434.1,3488,3401.2,3462.07
535,2019-02-02 04:00:00.000,3462.2,3526.4,3440.29,3504.77
536,2019-02-03 04:00:00.000,3504.06,3511.09,3426,3458.11
537,2019-02-04 04:00:00.000,3458.11,3484.88,3433.31,3463.22
538,2019-02-05 04:00:00.000,3463.22,3478.97,3448.43,3471.59
539,2019-02-06 04:00:00.000,3471.57,3482.72,3380,3405.37
540,2019-02-07 04:00:00.000,3407,3426.45,3390,3398.4
541,2019-02-08 04:00:00.000,3398.4,3733.58,3373.1,3659.04
542,2019-02-09 04:00:00.000,3660.27,3680.02,3625.13,3665.18
543,2019-02-10 04:00:00.000,3665.18,3684.99,3609.76,3680.06
544,2019-02-11 04:00:00.000,3679.75,3684.9,3615.53,3631.05
545,2019-02-12 04:00:00.000,3631.05,3667.6,3582.34,3631.46
546,2019-02-13 04:00:00.000,3631.51,3670,3591.75,3609.4
547,2019-02-14 04:00:00.000,3608.34,3626.4,3568.11,3590.56
548,2019-02-15 04:00:00.000,3590.57,3653.23,3573.45,3602.47
549,2019-02-16 04:00:00.000,3602.49,3648.2,3597.91,3618.41
550,2019-02-17 04:00:00.000,3617.22,3700.11,3604.4,3667.58
551,2019-02-18 04:00:00.000,3667.62,3925,3655,3898.6
552,2019-02-19 04:00:00.000,3897.35,3994.52,3856,3907.79
553,2019-02-20 04:00:00.000,3907.35,3986.98,3870.66,3969.74
554,2019-02-21 04:00:00.000,3969.74,4016.48,3901.03,3937.31
555,2019-02-22 04:00:00.000,3937.31,3988,3926.65,3962
556,2019-02-23 04:00:00.000,3962,4162.02,3933.15,4117.76
557,2019-02-24 04:00:00.000,4118,4198,3712.66,3743.56
558,2019-02-25 04:00:00.000,3743.56,3872.66,3740,3827.92
559,2019-02-26 04:00:00.000,3828.44,3841.51,3777,3809.23
560,2019-02-27 04:00:00.000,3809.31,3838.85,3677.17,3818.07
561,2019-02-28 04:00:00.000,3818.04,3888,3763.87,3813.69
562,2019-03-01 04:00:00.000,3814.26,3857,3813.01,3823
563,2019-03-02 04:00:00.000,3822.17,3841.31,3772.25,3819.93
564,2019-03-03 04:00:00.000,3819.97,3835,3781.32,3807.75
565,2019-03-04 04:00:00.000,3807.32,3830,3670.69,3715.3
566,2019-03-05 04:00:00.000,3716.1,3877.1,3703.55,3857.73
567,2019-03-06 04:00:00.000,3857.58,3907,3813.09,3861.84
568,2019-03-07 04:00:00.000,3861.84,3905.4,3840.4,3873.64
569,2019-03-08 04:00:00.000,3873.63,3932,3800,3864.89
570,2019-03-09 04:00:00.000,3864.88,3971.75,3854.75,3943.04
571,2019-03-10 04:00:00.000,3943.43,3943.43,3881.69,3916.82
572,2019-03-11 04:00:00.000,3915.99,3936.98,3830,3871.61
573,2019-03-12 04:00:00.000,3871.61,3905.2,3826.06,3882.73
574,2019-03-13 04:00:00.000,3882.69,3893.56,3840,3866
575,2019-03-14 04:00:00.000,3866,3920,3810.43,3877.12
576,2019-03-15 04:00:00.000,3877.12,3939.22,3872.2,3923.76
577,2019-03-16 04:00:00.000,3924.46,4056.98,3921.98,4005.98
578,2019-03-17 04:00:00.000,4005.98,4012,3950.01,3981.14
579,2019-03-18 04:00:00.000,3981.85,4037,3953.33,3987.81
580,2019-03-19 04:00:00.000,3987.83,4031,3970,4015.53
581,2019-03-20 04:00:00.000,4017.48,4050,3980.5,4043.04
582,2019-03-21 04:00:00.000,4043.04,4069.32,3880.01,3980.64
583,2019-03-22 04:00:00.000,3980.85,4008,3968.25,3986.93
584,2019-03-23 04:00:00.000,3987.89,4018.83,3978.01,4006.01
585,2019-03-24 04:00:00.000,4006.01,4006.02,3950,3992.18
586,2019-03-25 04:00:00.000,3991.35,3999.3,3888.71,3936.12
587,2019-03-26 04:00:00.000,3935.47,3958.98,3894,3948.55
588,2019-03-27 04:00:00.000,3948.77,4048,3936.15,4038.05
589,2019-03-28 04:00:00.000,4039.58,4039.7,4002,4027.81
590,2019-03-29 04:00:00.000,4028.22,4123.71,4024.03,4103.25
591,2019-03-30 04:00:00.000,4104.24,4140,4052,4106.97
592,2019-03-31 04:00:00.000,4106.99,4116.12,4082.57,4103.95
593,2019-04-01 04:00:00.000,4102.44,4158.7,4067,4144.56
594,2019-04-02 04:00:00.000,4144.54,4897.99,4140.54,4857.29
595,2019-04-03 04:00:00.000,4857.19,5275.01,4753.5,4932.6
596,2019-04-04 04:00:00.000,4932.59,5039.08,4777,4898.66
597,2019-04-05 04:00:00.000,4898.64,5028.22,4880.62,5004.95
598,2019-04-06 04:00:00.000,5004.96,5205,4928.59,5043.89
599,2019-04-07 04:00:00.000,5042.07,5234,5026,5170.27
600,2019-04-08 04:00:00.000,5170.27,5305,5039,5236.9
601,2019-04-09 04:00:00.000,5238.38,5238.4,5076.68,5150
602,2019-04-10 04:00:00.000,5150,5422,5135,5308.25
603,2019-04-11 04:00:00.000,5307.86,5332.67,4927,5017.37
604,2019-04-12 04:00:00.000,5017.37,5080.58,4861.22,5048.01
605,2019-04-13 04:00:00.000,5047,5099,5004,5045.22
606,2019-04-14 04:00:00.000,5047.45,5152.99,5000,5131.3
607,2019-04-15 04:00:00.000,5131.28,5167.38,4950,5024.95
608,2019-04-16 04:00:00.000,5024.95,5197.72,5003.94,5173.72
609,2019-04-17 04:00:00.000,5173.72,5230.4,5146.8,5202.82
610,2019-04-18 04:00:00.000,5202.41,5287,5198.8,5258.44
611,2019-04-19 04:00:00.000,5258.44,5320,5175,5258.68
612,2019-04-20 04:00:00.000,5258.68,5333.42,5230.1,5291.73
613,2019-04-21 04:00:00.000,5292.91,5314.35,5165,5256.14
614,2019-04-22 04:00:00.000,5257.41,5400,5208.35,5357.14
615,2019-04-23 04:00:00.000,5357.14,5600,5332.41,5493.31
616,2019-04-24 04:00:00.000,5490.91,5582.2,5333.35,5415
617,2019-04-25 04:00:00.000,5415,5491.84,5102,5219.9
618,2019-04-26 04:00:00.000,5220.47,5510,5161.62,5314.1
619,2019-04-27 04:00:00.000,5315,5342.5,5257.67,5295.69
620,2019-04-28 04:00:00.000,5295.69,5340,5259.48,5307.52
621,2019-04-29 04:00:00.000,5309.81,5332,5178.8,5238.14
622,2019-04-30 04:00:00.000,5238.14,5339.98,5192.15,5320.81
623,2019-05-01 04:00:00.000,5321.94,5402,5316.2,5383.2
624,2019-05-02 04:00:00.000,5383.2,5538,5370,5492.87
625,2019-05-03 04:00:00.000,5494.81,5844,5477.57,5772.69
626,2019-05-04 04:00:00.000,5770.62,5900,5587.45,5829.45
627,2019-05-05 04:00:00.000,5829.83,5839.9,5696,5775.62
628,2019-05-06 04:00:00.000,5773.18,5805,5619.14,5747.79
629,2019-05-07 04:00:00.000,5749.92,6028.41,5747.74,5846.34
630,2019-05-08 04:00:00.000,5846.34,6014.72,5772.2,5987.29
631,2019-05-09 04:00:00.000,5986.66,6224.55,5983.71,6209.18
632,2019-05-10 04:00:00.000,6209.95,6468.92,6172,6373.33
633,2019-05-11 04:00:00.000,6375.16,7343.99,6372.85,7076.22
634,2019-05-12 04:00:00.000,7076.24,7521.78,6750,6967.31
635,2019-05-13 04:00:00.000,6968.24,8100,6870,7790.71
636,2019-05-14 04:00:00.000,7795.62,8366,7599.56,7947.56
637,2019-05-15 04:00:00.000,7945.26,8249,7850,8169.87
638,2019-05-16 04:00:00.000,8169.08,8320,7705,7866.59
639,2019-05-17 04:00:00.000,7868.67,7925,6913,7355.26
640,2019-05-18 04:00:00.000,7355.28,7458,7156.61,7257.45
641,2019-05-19 04:00:00.000,7257.32,8275.09,7243.08,8148.48
642,2019-05-20 04:00:00.000,8147.94,8156.03,7553,7938.15
643,2019-05-21 04:00:00.000,7937.16,8042.32,7771,7904.87
644,2019-05-22 04:00:00.000,7904.48,8016,7465,7628.43
645,2019-05-23 04:00:00.000,7627.8,7940.98,7461,7851.51
646,2019-05-24 04:00:00.000,7849.95,8130,7766,7964.87
647,2019-05-25 04:00:00.000,7964.52,8091.8,7908.34,8025.41
648,2019-05-26 04:00:00.000,8023,8740,7833.42,8614.43
649,2019-05-27 04:00:00.000,8612.54,8908.32,8589,8756.32
650,2019-05-28 04:00:00.000,8752.52,8798.49,8510.63,8715.64
651,2019-05-29 04:00:00.000,8716.87,8750,8406.6,8645.68
652,2019-05-30 04:00:00.000,8646.5,9074.26,8005,8269.54
653,2019-05-31 04:00:00.000,8267.1,8594,8108.5,8555
654,2019-06-01 04:00:00.000,8555,8626,8442.36,8544.07
655,2019-06-02 04:00:00.000,8545.1,8814.78,8524,8725.98
656,2019-06-03 04:00:00.000,8726,8800.95,8080.8,8115.82
657,2019-06-04 04:00:00.000,8115.66,8115.66,7481.02,7687.03
658,2019-06-05 04:00:00.000,7687.04,7896.7,7572.78,7776.5
659,2019-06-06 04:00:00.000,7778.08,7868.13,7444.58,7786.7
660,2019-06-07 04:00:00.000,7787.57,8100,7737.49,7980.53
661,2019-06-08 04:00:00.000,7978.94,8044.65,7751,7893.62
662,2019-06-09 04:00:00.000,7895.28,7935,7506.66,7628.13
663,2019-06-10 04:00:00.000,7627.57,8020,7511,7982.75
664,2019-06-11 04:00:00.000,7981,8010,7692.23,7884.9
665,2019-06-12 04:00:00.000,7884.9,8200,7788.99,8127.64
666,2019-06-13 04:00:00.000,8127.64,8309.82,8010.03,8218.54
667,2019-06-14 04:00:00.000,8216.44,8684.41,8144.32,8650
668,2019-06-15 04:00:00.000,8650.88,8864.99,8567.63,8808.7
669,2019-06-16 04:00:00.000,8810.77,9333,8760,8953.33
670,2019-06-17 04:00:00.000,8953,9444,8950,9313.96
671,2019-06-18 04:00:00.000,9312.13,9336.36,8950,9081.55
672,2019-06-19 04:00:00.000,9081.97,9304,8960,9255.49
673,2019-06-20 04:00:00.000,9253.76,9590,9175.2,9517.12
674,2019-06-21 04:00:00.000,9518.06,10174.99,9518.06,10159.86
675,2019-06-22 04:00:00.000,10159.86,11160,9921.72,10729.5
676,2019-06-23 04:00:00.000,10729,11392.64,10555.18,10906.07
677,2019-06-24 04:00:00.000,10905.95,11143.63,10620.8,11056.59
678,2019-06-25 04:00:00.000,11056.59,11850,11026,11820.86
679,2019-06-26 04:00:00.000,11821.28,13970,11741,13093.8
680,2019-06-27 04:00:00.000,13098.38,13478.04,10525.1,11329.99
681,2019-06-28 04:00:00.000,11329.99,12480,10982.88,12400.63
682,2019-06-29 04:00:00.000,12407.06,12441.54,11475.02,11903.13
683,2019-06-30 04:00:00.000,11903.13,12180,10766.03,10854.1
684,2019-07-01 04:00:00.000,10854.1,11282.28,10030,10624.93
685,2019-07-02 04:00:00.000,10624.9,10938.75,9727,10842.85
686,2019-07-03 04:00:00.000,10844.98,11991.89,10841.04,11940
687,2019-07-04 04:00:00.000,11940,12000,11055,11145.67
688,2019-07-05 04:00:00.000,11145.67,11406.83,10796.44,10970.73
689,2019-07-06 04:00:00.000,10982.41,11665,10964.51,11256.49
690,2019-07-07 04:00:00.000,11256.45,11538,11094.37,11406.24
691,2019-07-08 04:00:00.000,11410,12338.03,11220,12238.6
692,2019-07-09 04:00:00.000,12238.6,12794.73,12068,12543.41
693,2019-07-10 04:00:00.000,12548.51,13147.08,11569,12108.37
694,2019-07-11 04:00:00.000,12108.11,12111.73,11000,11342.89
695,2019-07-12 04:00:00.000,11342.88,11885,11073,11757.22
696,2019-07-13 04:00:00.000,11757.22,11799.98,10830,11355.76
697,2019-07-14 04:00:00.000,11355.78,11452,10103,10174.18
698,2019-07-15 04:00:00.000,10174.18,11100,9860,10838.72
699,2019-07-16 04:00:00.000,10833.78,11028,9350.01,9439.59
700,2019-07-17 04:00:00.000,9430.17,9957,9060,9667.92
701,2019-07-18 04:00:00.000,9668.86,10788,9252,10627.16
702,2019-07-19 04:00:00.000,10628.64,10769.71,10121.84,10504.29
703,2019-07-20 04:00:00.000,10505.78,11068.99,10350,10740.23
704,2019-07-21 04:00:00.000,10740.27,10817.9,10288,10589.45
705,2019-07-22 04:00:00.000,10590.15,10683.16,10100,10340.31
706,2019-07-23 04:00:00.000,10343.08,10343.97,9822,9864.91
707,2019-07-24 04:00:00.000,9864.78,9937,9525,9763.28
708,2019-07-25 04:00:00.000,9763.4,10175,9720.03,9879.87
709,2019-07-26 04:00:00.000,9882.15,9889.98,9637,9824
710,2019-07-27 04:00:00.000,9824,10188.66,9333,9476.52
711,2019-07-28 04:00:00.000,9478.92,9594.99,9165,9541.54
712,2019-07-29 04:00:00.000,9541.54,9729,9395,9507.64
713,2019-07-30 04:00:00.000,9509.07,9714.28,9402,9574.21
714,2019-07-31 04:00:00.000,9575,10109.8,9555,10080.53
715,2019-08-01 04:00:00.000,10080.53,10467.86,9863.46,10374.99
716,2019-08-02 04:00:00.000,10375,10670,10281.35,10523.75
717,2019-08-03 04:00:00.000,10523.75,10904.77,10497.93,10816.86
718,2019-08-04 04:00:00.000,10816.86,11040,10552,10929.23
719,2019-08-05 04:00:00.000,10929.99,11937.52,10927.8,11828.8
720,2019-08-06 04:00:00.000,11830,12330.7,11226.7,11481.69
721,2019-08-07 04:00:00.000,11481.69,12141.17,11382.84,11975.03
722,2019-08-08 04:00:00.000,11975.04,12060,11521,11999.77
723,2019-08-09 04:00:00.000,11994.17,12045.68,11700,11879.99
724,2019-08-10 04:00:00.000,11879.98,11985,11270,11309.31
725,2019-08-11 04:00:00.000,11309.24,11600,11112.11,11549.97
726,2019-08-12 04:00:00.000,11539.08,11577.89,11235.32,11396.08
727,2019-08-13 04:00:00.000,11398.35,11456.16,10788.45,10892.71
728,2019-08-14 04:00:00.000,10893.36,10897.48,9928.1,10050.37
729,2019-08-15 04:00:00.000,10055.16,10460,9911,10293.93
730,2019-08-16 04:00:00.000,10296.77,10536.03,9750,10331.54
731,2019-08-17 04:00:00.000,10331.15,10465.14,10000,10216.02
732,2019-08-18 04:00:00.000,10216.05,10500,10080,10306.78
733,2019-08-19 04:00:00.000,10306.17,10930,10258.6,10915.54
734,2019-08-20 04:00:00.000,10914.73,10949.96,10560,10760.51
735,2019-08-21 04:00:00.000,10760.51,10804.13,9858,10142.57
736,2019-08-22 04:00:00.000,10140.82,10242,9762,10099.88
737,2019-08-23 04:00:00.000,10099.9,10445,10019.79,10389.55
738,2019-08-24 04:00:00.000,10388.16,10419.42,9890,10134.35
739,2019-08-25 04:00:00.000,10134.61,10333,9906.97,10142.69
740,2019-08-26 04:00:00.000,10142.69,10604,10137.93,10372.25
741,2019-08-27 04:00:00.000,10373.6,10391.08,10051.08,10185.05
742,2019-08-28 04:00:00.000,10185.69,10299,9601.01,9721
743,2019-08-29 04:00:00.000,9721,9724,9320,9498.44
744,2019-08-30 04:00:00.000,9499.01,9696,9350.41,9584.54
745,2019-08-31 04:00:00.000,9582.76,9684.51,9420.75,9587.47
746,2019-09-01 04:00:00.000,9588.74,9830,9520,9724.98
747,2019-09-02 04:00:00.000,9723.59,10450,9712.5,10340
748,2019-09-03 04:00:00.000,10340,10773,10272,10615.28
749,2019-09-04 04:00:00.000,10611.85,10799,10369.89,10567.02
750,2019-09-05 04:00:00.000,10565.92,10900,10450,10564.49
751,2019-09-06 04:00:00.000,10563.13,10905.87,10150,10298.73
752,2019-09-07 04:00:00.000,10298.71,10558,10288.57,10455.88
753,2019-09-08 04:00:00.000,10455.9,10592.5,10208,10381.18
754,2019-09-09 04:00:00.000,10381.24,10480,10068.5,10303.12
755,2019-09-10 04:00:00.000,10302.58,10384.99,9953,10098.15
756,2019-09-11 04:00:00.000,10098.19,10293,9880,10158.33
757,2019-09-12 04:00:00.000,10158.75,10448.81,10040,10415.01
758,2019-09-13 04:00:00.000,10415.01,10439,10153,10342.06
759,2019-09-14 04:00:00.000,10344.13,10419.99,10222.33,10335.02
760,2019-09-15 04:00:00.000,10332.81,10360,10252.15,10302.01
761,2019-09-16 04:00:00.000,10303.34,10355,10078,10251.31
762,2019-09-17 04:00:00.000,10249.68,10275,10128.01,10187.82
763,2019-09-18 04:00:00.000,10187.48,10258.02,10100,10156.99
764,2019-09-19 04:00:00.000,10156.41,10325,9653,10244.29
765,2019-09-20 04:00:00.000,10243.7,10281,10061.39,10168.59
766,2019-09-21 04:00:00.000,10167.92,10176.7,9900,9986.39
767,2019-09-22 04:00:00.000,9985.15,10089,9853.97,10028.87
768,2019-09-23 04:00:00.000,10028.05,10049.99,9615.77,9702.25
769,2019-09-24 04:00:00.000,9702.2,9794.99,7800,8493.14
770,2019-09-25 04:00:00.000,8497.55,8730,8215.64,8430.05
771,2019-09-26 04:00:00.000,8430.05,8465.99,7750,8063.73
772,2019-09-27 04:00:00.000,8063.49,8265,7852.15,8177.91
773,2019-09-28 04:00:00.000,8177.47,8315,8001.09,8198.81
774,2019-09-29 04:00:00.000,8199.38,8229.13,7890,8043.82
775,2019-09-30 04:00:00.000,8043.04,8337.26,7710,8289.34
776,2019-10-01 04:00:00.000,8289.97,8500,8173.05,8292.44
777,2019-10-02 04:00:00.000,8292.67,8373.91,8151.22,8359.94
778,2019-10-03 04:00:00.000,8360,8393,8060,8223.96
779,2019-10-04 04:00:00.000,8224.43,8232.41,8005,8137.13
780,2019-10-05 04:00:00.000,8137.09,8183.41,8012.98,8126.19
781,2019-10-06 04:00:00.000,8127.55,8153.87,7785,7854.25
782,2019-10-07 04:00:00.000,7855.3,8299.92,7762,8190.09
783,2019-10-08 04:00:00.000,8190.82,8325,8088.75,8168.39
784,2019-10-09 04:00:00.000,8170.79,8670,8115,8560.74
785,2019-10-10 04:00:00.000,8562.15,8644,8414.52,8558.03
786,2019-10-11 04:00:00.000,8557.82,8779.51,8212.38,8258.5
787,2019-10-12 04:00:00.000,8257.95,8400,8250,8300.09
788,2019-10-13 04:00:00.000,8301.98,8451.37,8160,8275.01
789,2019-10-14 04:00:00.000,8275.24,8388.85,8203,8348.2
790,2019-10-15 04:00:00.000,8346.86,8403,8090,8159.29
791,2019-10-16 04:00:00.000,8159.3,8181.16,7917,7991.74
792,2019-10-17 04:00:00.000,7995.02,8124.92,7929.03,8070.58
793,2019-10-18 04:00:00.000,8070.71,8115,7816.01,7947.01
794,2019-10-19 04:00:00.000,7946.89,8098.1,7866.92,7948.01
795,2019-10-20 04:00:00.000,7949.87,8297,7870,8223.35
796,2019-10-21 04:00:00.000,8223.35,8333,8142.03,8197.27
797,2019-10-22 04:00:00.000,8197.28,8297.99,8000,8020
798,2019-10-23 04:00:00.000,8020.06,8047.59,7300,7466.62
799,2019-10-24 04:00:00.000,7468.47,7503.68,7337.99,7412.41
800,2019-10-25 04:00:00.000,7412.41,8799,7361,8655.02
801,2019-10-26 04:00:00.000,8655.88,10370,8470.38,9230
802,2019-10-27 04:00:00.000,9230,9794.98,9074.34,9529.93
803,2019-10-28 04:00:00.000,9528.23,9902.1,9160,9205.14
804,2019-10-29 04:00:00.000,9204.45,9550,9072,9407.62
805,2019-10-30 04:00:00.000,9407.62,9409.84,9001.01,9154.72
806,2019-10-31 04:00:00.000,9154.02,9405,8913,9140.85
807,2019-11-01 04:00:00.000,9140.86,9279,9030,9231.61
808,2019-11-02 04:00:00.000,9231.4,9373.74,9186.21,9289.52
809,2019-11-03 04:00:00.000,9289.85,9362.57,9066.14,9194.71
810,2019-11-04 04:00:00.000,9196.46,9513.68,9115.84,9393.35
811,2019-11-05 04:00:00.000,9392.4,9454.95,9175.76,9308.66
812,2019-11-06 04:00:00.000,9307.73,9440.91,9250.01,9339.05
813,2019-11-07 04:00:00.000,9339.16,9375,9101,9216.2
814,2019-11-08 04:00:00.000,9214,9261,8696,8773.73
815,2019-11-09 04:00:00.000,8773.74,8880,8724.88,8809.41
816,2019-11-10 04:00:00.000,8809.18,9147.19,8750,9039.47
817,2019-11-11 04:00:00.000,9040.16,9072.32,8618.68,8733.27
818,2019-11-12 04:00:00.000,8733.36,8888,8567.6,8821.94
819,2019-11-13 04:00:00.000,8821.91,8844.99,8702,8777.12
820,2019-11-14 04:00:00.000,8777.54,8800,8582.6,8646.68
821,2019-11-15 04:00:00.000,8646.38,8790,8400,8471.73
822,2019-11-16 04:00:00.000,8471.62,8543,8400,8491.02
823,2019-11-17 04:00:00.000,8490.74,8635,8350.68,8502.4
824,2019-11-18 04:00:00.000,8502.87,8503.52,8060,8187.17
825,2019-11-19 04:00:00.000,8186.5,8218.63,8003,8133.64
826,2019-11-20 04:00:00.000,8133.83,8264.29,8038.4,8098.01
827,2019-11-21 04:00:00.000,8098.56,8134.73,7500,7627.74
828,2019-11-22 04:00:00.000,7627.79,7750,6790,7268.23
829,2019-11-23 04:00:00.000,7268.23,7344.48,7080.01,7311.57
830,2019-11-24 04:00:00.000,7311.1,7330.39,6861,6903.28
831,2019-11-25 04:00:00.000,6900.23,7377.69,6515,7109.57
832,2019-11-26 04:00:00.000,7109.99,7340,7017.48,7156.14
833,2019-11-27 04:00:00.000,7154.75,7655,6840,7508.52
834,2019-11-28 04:00:00.000,7507.9,7643,7360,7419.49
835,2019-11-29 04:00:00.000,7418.52,7850,7362.3,7739.68
836,2019-11-30 04:00:00.000,7740.99,7810,7441,7541.89
837,2019-12-01 04:00:00.000,7540.63,7541.85,7210,7390.89
838,2019-12-02 04:00:00.000,7391.5,7420.56,7151.1,7294.28
839,2019-12-03 04:00:00.000,7294.42,7400,7241.35,7292.71
840,2019-12-04 04:00:00.000,7292.71,7750,7067,7194.32
841,2019-12-05 04:00:00.000,7194.59,7485,7150,7389
842,2019-12-06 04:00:00.000,7389,7590.03,7305,7527.47
843,2019-12-07 04:00:00.000,7527.8,7619.62,7470.16,7488.21
844,2019-12-08 04:00:00.000,7487.31,7564,7374.86,7510.11
845,2019-12-09 04:00:00.000,7510.11,7650,7273,7338.64
846,2019-12-10 04:00:00.000,7338.64,7407.6,7157.1,7224.13
847,2019-12-11 04:00:00.000,7224.15,7275.5,7125.66,7210
848,2019-12-12 04:00:00.000,7210,7295,7080.3,7198.08
849,2019-12-13 04:00:00.000,7197.76,7309.05,7190.76,7258.48
850,2019-12-14 04:00:00.000,7257.37,7271.77,7012,7064.05
851,2019-12-15 04:00:00.000,7064.14,7200.3,7008.35,7118.59
852,2019-12-16 04:00:00.000,7119.6,7150,6836,6891.72
853,2019-12-17 04:00:00.000,6891.44,6942.21,6560,6623.82
854,2019-12-18 04:00:00.000,6623.84,7440,6435,7277.83
855,2019-12-19 04:00:00.000,7277.83,7380,7038.31,7150.3
856,2019-12-20 04:00:00.000,7151.31,7220,7079.5,7187.83
857,2019-12-21 04:00:00.000,7188.01,7190.58,7105,7132.75
858,2019-12-22 04:00:00.000,7131.59,7518.54,7122.47,7501.44
859,2019-12-23 04:00:00.000,7500.71,7695.38,7265.84,7317.09
860,2019-12-24 04:00:00.000,7317.3,7436.68,7157.04,7255.77
861,2019-12-25 04:00:00.000,7255.77,7271.77,7128.86,7204.63
862,2019-12-26 04:00:00.000,7205.01,7435,7157.12,7202
863,2019-12-27 04:00:00.000,7202,7275.86,7076.42,7254.74
864,2019-12-28 04:00:00.000,7254.77,7365.01,7238.67,7316.14
865,2019-12-29 04:00:00.000,7315.36,7528.45,7288,7388.24
866,2019-12-30 04:00:00.000,7388.43,7408.24,7220,7246
867,2019-12-31 04:00:00.000,7246,7320,7145.01,7195.23
868,2020-01-01 04:00:00.000,7195.24,7255,7175.15,7200.85
869,2020-01-02 04:00:00.000,7200.77,7212.5,6924.74,6965.71
870,2020-01-03 04:00:00.000,6965.49,7405,6871.04,7344.96
871,2020-01-04 04:00:00.000,7345,7404,7272.21,7354.11
872,2020-01-05 04:00:00.000,7354.19,7495,7318,7358.75
873,2020-01-06 04:00:00.000,7357.64,7795.34,7346.76,7758
874,2020-01-07 04:00:00.000,7758.9,8207.68,7723.71,8145.28
875,2020-01-08 04:00:00.000,8145.92,8455,7870,8055.98
876,2020-01-09 04:00:00.000,8054.72,8055.96,7750,7817.76
877,2020-01-10 04:00:00.000,7817.74,8199,7672,8197.02
878,2020-01-11 04:00:00.000,8198.86,8286.34,8003.16,8020.01
879,2020-01-12 04:00:00.000,8020.01,8197,7960,8184.98
880,2020-01-13 04:00:00.000,8184.97,8196,8055.89,8110.34
881,2020-01-14 04:00:00.000,8110.34,8880,8105.54,8810.01
882,2020-01-15 04:00:00.000,8814.64,8916.48,8564,8821.41
883,2020-01-16 04:00:00.000,8820.01,8859.81,8586,8720.01
884,2020-01-17 04:00:00.000,8720.15,9041.65,8672.44,8913.28
885,2020-01-18 04:00:00.000,8913.27,8988.88,8806.38,8915.96
886,2020-01-19 04:00:00.000,8915.09,9198.98,8466,8701.7
887,2020-01-20 04:00:00.000,8701.72,8746.99,8521.28,8642.35
888,2020-01-21 04:00:00.000,8642.35,8789,8488,8736.03
889,2020-01-22 04:00:00.000,8736.04,8818,8590,8682.36
890,2020-01-23 04:00:00.000,8682.77,8691.81,8306.39,8404.52
891,2020-01-24 04:00:00.000,8404.52,8528.02,8238,8439
892,2020-01-25 04:00:00.000,8438.99,8451.26,8254.9,8340.58
893,2020-01-26 04:00:00.000,8340.01,8618.13,8293.66,8615
894,2020-01-27 04:00:00.000,8614.39,9000,8535,8907.57
895,2020-01-28 04:00:00.000,8907.57,9400,8862.4,9374.21
896,2020-01-29 04:00:00.000,9375.34,9449.24,9216,9301.53
897,2020-01-30 04:00:00.000,9301.57,9578,9204.44,9513.21
898,2020-01-31 04:00:00.000,9511.52,9530.22,9210.01,9352.89
899,2020-02-01 04:00:00.000,9351.71,9464.53,9281,9384.61
900,2020-02-02 04:00:00.000,9384.41,9477.03,9120,9331.51
901,2020-02-03 04:00:00.000,9331.59,9618.79,9234,9292.24
902,2020-02-04 04:00:00.000,9291.35,9350,9093.01,9197.02
903,2020-02-05 04:00:00.000,9197.02,9744.45,9177.22,9612.04
904,2020-02-06 04:00:00.000,9612.03,9862.57,9526.35,9772
905,2020-02-07 04:00:00.000,9772,9885,9730,9813.73
906,2020-02-08 04:00:00.000,9813.87,9940,9667.11,9895.05
907,2020-02-09 04:00:00.000,9895.04,10166,9880.75,10151.75
908,2020-02-10 04:00:00.000,10151.72,10188,9756,9851.83
909,2020-02-11 04:00:00.000,9851.74,10323.59,9700,10223.08
910,2020-02-12 04:00:00.000,10223.08,10450,10223.08,10326.46
911,2020-02-13 04:00:00.000,10325.33,10500,10080,10229.63
912,2020-02-14 04:00:00.000,10227.78,10381.56,10111.37,10344.36
913,2020-02-15 04:00:00.000,10344.36,10375,9801,9904.72
914,2020-02-16 04:00:00.000,9904.46,10050,9638.12,9917.27
915,2020-02-17 04:00:00.000,9910.7,9964.16,9452.67,9706
916,2020-02-18 04:00:00.000,9706,10250,9576.01,10164.71
917,2020-02-19 04:00:00.000,10164.78,10250,9350,9593.79
918,2020-02-20 04:00:00.000,9594.65,9699,9400,9596.42
919,2020-02-21 04:00:00.000,9597.21,9755.51,9550.21,9677.05
920,2020-02-22 04:00:00.000,9677.05,9709.17,9560.02,9650.86
921,2020-02-23 04:00:00.000,9650.85,9990,9645,9936.4
922,2020-02-24 04:00:00.000,9936.4,9990,9473.56,9656.13
923,2020-02-25 04:00:00.000,9655.52,9675,9250,9315.84
924,2020-02-26 04:00:00.000,9316.48,9377.44,8633.63,8785.25
925,2020-02-27 04:00:00.000,8786,8971.77,8531,8823.21
926,2020-02-28 04:00:00.000,8823.25,8900,8445,8692.91
927,2020-02-29 04:00:00.000,8690.8,8790,8523.55,8523.61
928,2020-03-01 04:00:00.000,8523.61,8750,8411,8531.88
929,2020-03-02 04:00:00.000,8530.3,8965.75,8498,8915.24
930,2020-03-03 04:00:00.000,8911.18,8919.65,8651,8760.07
931,2020-03-04 04:00:00.000,8760.07,8848.29,8660,8750.87
932,2020-03-05 04:00:00.000,8750.99,9159.42,8746.54,9054.68
933,2020-03-06 04:00:00.000,9054.64,9170,8985.5,9131.88
934,2020-03-07 04:00:00.000,9130.89,9188,8835,8886.66
935,2020-03-08 04:00:00.000,8885.25,8886.76,8000,8033.31
936,2020-03-09 04:00:00.000,8034.76,8179.31,7632.01,7929.87
937,2020-03-10 04:00:00.000,7929.87,8149,7728.01,7894.56
938,2020-03-11 04:00:00.000,7894.57,7980,7590,7934.52
939,2020-03-12 04:00:00.000,7934.58,7966.17,4410,4800
940,2020-03-13 04:00:00.000,4800.01,5955,3782.13,5578.6
941,2020-03-14 04:00:00.000,5576.05,5640.52,5055.13,5172.06
942,2020-03-15 04:00:00.000,5172.48,5940,5093.1,5361.3
943,2020-03-16 04:00:00.000,5360.33,5365.42,4442.12,5028.97
944,2020-03-17 04:00:00.000,5028.86,5525,4921.45,5312.64
945,2020-03-18 04:00:00.000,5312.64,5436.17,5009.37,5393.04
946,2020-03-19 04:00:00.000,5393.26,6400,5252.53,6162.37
947,2020-03-20 04:00:00.000,6162.05,6900,5670,6208.36
948,2020-03-21 04:00:00.000,6204.57,6456.98,5860.02,6186.98
949,2020-03-22 04:00:00.000,6187.04,6407.87,5734.01,5816.19
950,2020-03-23 04:00:00.000,5816.05,6600,5688,6467.31
951,2020-03-24 04:00:00.000,6465.25,6833,6371.33,6744.72
952,2020-03-25 04:00:00.000,6744.69,6957.96,6450,6677.43
953,2020-03-26 04:00:00.000,6677.42,6780,6510,6737.36
954,2020-03-27 04:00:00.000,6737.27,6842.59,6261,6359.11
955,2020-03-28 04:00:00.000,6359.11,6360,6024,6236.65
956,2020-03-29 04:00:00.000,6236.65,6266,5866.56,5881.42
957,2020-03-30 04:00:00.000,5880.5,6599,5857.76,6394.38
958,2020-03-31 04:00:00.000,6394.45,6523.23,6321.4,6410.44
959,2020-04-01 04:00:00.000,6412.14,6679.94,6150.11,6642.92
960,2020-04-02 04:00:00.000,6643.36,7198,6551,6794.09
961,2020-04-03 04:00:00.000,6793.86,7048,6602.1,6734.1
962,2020-04-04 04:00:00.000,6732.97,6990.41,6650.01,6856.99
963,2020-04-05 04:00:00.000,6857.41,6895.54,6677.52,6772.78
964,2020-04-06 04:00:00.000,6772.78,7355.14,6765,7329.9
965,2020-04-07 04:00:00.000,7329.9,7459.69,7077,7197.32
966,2020-04-08 04:00:00.000,7197.32,7420,7150,7361.28
967,2020-04-09 04:00:00.000,7360.26,7371.92,7108.08,7283.54
968,2020-04-10 04:00:00.000,7283.54,7295.75,6739.98,6858.92
969,2020-04-11 04:00:00.000,6858.92,6944.3,6760,6876.83
970,2020-04-12 04:00:00.000,6876.84,7177,6780,6903.79
971,2020-04-13 04:00:00.000,6903.79,6903.79,6575,6837.91
972,2020-04-14 04:00:00.000,6838.04,6978,6754.28,6868.7
973,2020-04-15 04:00:00.000,6868.57,6933,6605,6621.24
974,2020-04-16 04:00:00.000,6621.25,7190,6468.27,7101.94
975,2020-04-17 04:00:00.000,7101.99,7148.12,6972.98,7027.55
976,2020-04-18 04:00:00.000,7026.78,7293.08,7014.4,7248.6
977,2020-04-19 04:00:00.000,7248.6,7266.15,7055.6,7120.74
978,2020-04-20 04:00:00.000,7121.4,7220,6751,6826.83
979,2020-04-21 04:00:00.000,6828.98,6940,6762,6841.37
980,2020-04-22 04:00:00.000,6841.36,7156.38,6818,7125.14
981,2020-04-23 04:00:00.000,7125.12,7738,7020,7482.39
982,2020-04-24 04:00:00.000,7483.96,7615.96,7388,7505
983,2020-04-25 04:00:00.000,7505,7705,7431.07,7538.67
984,2020-04-26 04:00:00.000,7539.03,7700,7480,7693.1
985,2020-04-27 04:00:00.000,7693.1,7792.02,7606,7774.62
986,2020-04-28 04:00:00.000,7773.51,7780,7659.12,7738.98
987,2020-04-29 04:00:00.000,7738.58,8952.89,7710.05,8778.57
988,2020-04-30 04:00:00.000,8778.58,9460,8401,8620
989,2020-05-01 04:00:00.000,8620,9059.18,8613.56,8826.96
990,2020-05-02 04:00:00.000,8825.67,9010,8753,8972.05
991,2020-05-03 04:00:00.000,8972.58,9200,8712,8894.16
992,2020-05-04 04:00:00.000,8894.15,8950,8522,8871.96
993,2020-05-05 04:00:00.000,8871.92,9118.58,8760,9021.83
994,2020-05-06 04:00:00.000,9021.36,9395,8906.21,9142.92
995,2020-05-07 04:00:00.000,9143.4,10067,9021,9986.4
996,2020-05-08 04:00:00.000,9986.3,10035.96,9705,9800.01
997,2020-05-09 04:00:00.000,9800.02,9914.25,9520,9539.4
998,2020-05-10 04:00:00.000,9539.1,9574.83,8117,8722.77
999,2020-05-11 04:00:00.000,8722.77,9168,8200,8561.52
1000,2020-05-12 04:00:00.000,8562.04,8978.26,8528.78,8810.79
1001,2020-05-13 04:00:00.000,8810.99,9398,8792.99,9309.37
1002,2020-05-14 04:00:00.000,9309.35,9939,9256.76,9791.98
1003,2020-05-15 04:00:00.000,9791.97,9845.62,9150,9316.42
1004,2020-05-16 04:00:00.000,9315.96,9588,9220,9381.27
1005,2020-05-17 04:00:00.000,9380.81,9888,9322.1,9680.04
1006,2020-05-18 04:00:00.000,9681.11,9950,9464.23,9733.93
1007,2020-05-19 04:00:00.000,9733.93,9897.21,9474,9775.53
1008,2020-05-20 04:00:00.000,9775.13,9842,9326,9511.43
1009,2020-05-21 04:00:00.000,9511.43,9578.47,8815,9068.65
1010,2020-05-22 04:00:00.000,9067.51,9271,8933.52,9170
1011,2020-05-23 04:00:00.000,9170,9307.85,9070,9179.15
1012,2020-05-24 04:00:00.000,9179.01,9298,8700,8720.34
1013,2020-05-25 04:00:00.000,8718.14,8979.66,8642.72,8900.35
1014,2020-05-26 04:00:00.000,8900.35,9017.67,8700,8841.18
1015,2020-05-27 04:00:00.000,8841,9225,8811.73,9204.07
1016,2020-05-28 04:00:00.000,9204.07,9625.47,9110,9575.89
1017,2020-05-29 04:00:00.000,9575.87,9605.26,9330,9427.07
1018,2020-05-30 04:00:00.000,9426.6,9740,9331.23,9697.72
1019,2020-05-31 04:00:00.000,9697.72,9700,9381.41,9448.27
1020,2020-06-01 04:00:00.000,9448.27,10380,9421.67,10200.77
1021,2020-06-02 04:00:00.000,10202.71,10228.99,9266,9518.04
1022,2020-06-03 04:00:00.000,9518.02,9690,9365.21,9666.24
1023,2020-06-04 04:00:00.000,9666.32,9881.63,9450,9789.06
1024,2020-06-05 04:00:00.000,9788.14,9854.75,9581,9621.16
1025,2020-06-06 04:00:00.000,9621.17,9735,9531.05,9666.3
1026,2020-06-07 04:00:00.000,9666.85,9802,9372.46,9746.99
1027,2020-06-08 04:00:00.000,9746.99,9800,9633,9782.01
1028,2020-06-09 04:00:00.000,9782,9877,9570,9772.43
1029,2020-06-10 04:00:00.000,9772.44,9992.72,9704.18,9885
1030,2020-06-11 04:00:00.000,9885.22,9964,9113,9280.4
1031,2020-06-12 04:00:00.000,9278.88,9557.12,9232.51,9465.13
1032,2020-06-13 04:00:00.000,9464.96,9494.73,9351,9473.34
1033,2020-06-14 04:00:00.000,9473.34,9480.99,9245,9342.1
1034,2020-06-15 04:00:00.000,9342.1,9495,8910.45,9426.02
1035,2020-06-16 04:00:00.000,9426.05,9589,9373.09,9525.59
1036,2020-06-17 04:00:00.000,9526.97,9565,9236.61,9465.14
1037,2020-06-18 04:00:00.000,9465.13,9489,9280,9386.32
1038,2020-06-19 04:00:00.000,9386.32,9438.3,9215.79,9310.23
1039,2020-06-20 04:00:00.000,9310.23,9395,9170.95,9358.95
1040,2020-06-21 04:00:00.000,9358.95,9422,9281.54,9294.69
1041,2020-06-22 04:00:00.000,9294.69,9780,9277.09,9685.69
1042,2020-06-23 04:00:00.000,9685.69,9720,9577.03,9624.89
1043,2020-06-24 04:00:00.000,9624.33,9670,9208,9296.49
1044,2020-06-25 04:00:00.000,9298.33,9340,9009.69,9249.49
1045,2020-06-26 04:00:00.000,9249.49,9298,9045.45,9162.21
1046,2020-06-27 04:00:00.000,9162.21,9196.24,8833,9012
1047,2020-06-28 04:00:00.000,9012,9191,8948.06,9116.35
1048,2020-06-29 04:00:00.000,9116.16,9238,9024.67,9192.56
1049,2020-06-30 04:00:00.000,9192.93,9205,9064.89,9138.55
1050,2020-07-01 04:00:00.000,9138.08,9292,9080.1,9232
1051,2020-07-02 04:00:00.000,9231.99,9261.96,8940,9086.54
1052,2020-07-03 04:00:00.000,9086.54,9125,9037.47,9058.26
1053,2020-07-04 04:00:00.000,9057.79,9190,9040.04,9135.46
1054,2020-07-05 04:00:00.000,9135,9145.24,8893.03,9069.41
1055,2020-07-06 04:00:00.000,9069.41,9375,9055.92,9344.2
1056,2020-07-07 04:00:00.000,9342.47,9379.42,9203,9257.39
1057,2020-07-08 04:00:00.000,9257.4,9470,9231,9436.06
1058,2020-07-09 04:00:00.000,9436.06,9440.79,9160,9232.43
1059,2020-07-10 04:00:00.000,9232.42,9317.48,9125,9288.34
1060,2020-07-11 04:00:00.000,9288.34,9299.28,9178.25,9234.03
1061,2020-07-12 04:00:00.000,9234.02,9345,9157.5,9302.75
1062,2020-07-13 04:00:00.000,9303.31,9343.82,9200.89,9242.62
1063,2020-07-14 04:00:00.000,9242.61,9279.54,9113,9255.85
1064,2020-07-15 04:00:00.000,9255.85,9276.49,9160.57,9197.6
1065,2020-07-16 04:00:00.000,9197.6,9226.15,9047.25,9133.72
1066,2020-07-17 04:00:00.000,9133.72,9186.83,9089.81,9154.32
1067,2020-07-18 04:00:00.000,9154.31,9219.3,9121.1,9170.28
1068,2020-07-19 04:00:00.000,9170.3,9232.27,9101.35,9208.99
1069,2020-07-20 04:00:00.000,9208.99,9221.52,9131,9160.78
1070,2020-07-21 04:00:00.000,9160.78,9437.73,9152.8,9390
1071,2020-07-22 04:00:00.000,9390,9544,9261,9518.16
1072,2020-07-23 04:00:00.000,9518.16,9664,9440.33,9603.27
1073,2020-07-24 04:00:00.000,9603.27,9637,9463.44,9537.8
1074,2020-07-25 04:00:00.000,9538.1,9732.9,9513,9700.42
1075,2020-07-26 04:00:00.000,9700.42,10111,9650,9931.54
1076,2020-07-27 04:00:00.000,9931.54,11394.86,9917.21,11029.96
1077,2020-07-28 04:00:00.000,11029.96,11242.23,10565,10906.27
1078,2020-07-29 04:00:00.000,10906.27,11342.82,10812,11100.53
1079,2020-07-30 04:00:00.000,11100.52,11170,10831,11099.61
1080,2020-07-31 04:00:00.000,11099.79,11444,10960,11335.46
1081,2020-08-01 04:00:00.000,11335.46,11861,11220,11801.17
1082,2020-08-02 04:00:00.000,11801.17,12123.46,10518.5,11071.35
1083,2020-08-03 04:00:00.000,11071.36,11473,10936,11219.81
1084,2020-08-04 04:00:00.000,11219.68,11414.98,11000,11191.97
1085,2020-08-05 04:00:00.000,11191.99,11780.93,11093,11744.91
1086,2020-08-06 04:00:00.000,11744.91,11900,11562.5,11762.46
1087,2020-08-07 04:00:00.000,11762.47,11909.94,11322,11594.23
1088,2020-08-08 04:00:00.000,11594.36,11808.27,11512,11761.41
1089,2020-08-09 04:00:00.000,11761.02,11797.11,11521.97,11681.68
1090,2020-08-10 04:00:00.000,11681.69,12067.35,11450,11892.92
1091,2020-08-11 04:00:00.000,11892.9,11935,11125,11392.08
1092,2020-08-12 04:00:00.000,11392.09,11617.52,11150,11564.33
1093,2020-08-13 04:00:00.000,11564.34,11792.96,11270.36,11780
1094,2020-08-14 04:00:00.000,11779.77,11850,11634.03,11760.54
1095,2020-08-15 04:00:00.000,11760.55,11980,11680,11852.4
1096,2020-08-16 04:00:00.000,11852.4,11931.72,11686,11911
1097,2020-08-17 04:00:00.000,11910.99,12468,11769.78,12281.13
1098,2020-08-18 04:00:00.000,12281.15,12387.77,11817.93,11945.01
1099,2020-08-19 04:00:00.000,11945.1,12020.08,11561,11754.59
1100,2020-08-20 04:00:00.000,11754.38,11888,11668,11853.55
1101,2020-08-21 04:00:00.000,11853.54,11878,11485.81,11531.34
1102,2020-08-22 04:00:00.000,11531.23,11686,11376.81,11662.96
1103,2020-08-23 04:00:00.000,11663.51,11718.07,11514.13,11648.13
1104,2020-08-24 04:00:00.000,11648.12,11824.9,11585.09,11748.2
1105,2020-08-25 04:00:00.000,11748.19,11767.85,11117.64,11318.42
1106,2020-08-26 04:00:00.000,11318.42,11539.32,11244,11461.43
1107,2020-08-27 04:00:00.000,11461.42,11592.2,11125,11330.38
1108,2020-08-28 04:00:00.000,11330.38,11542.65,11276.89,11526.91
1109,2020-08-29 04:00:00.000,11526.9,11580.02,11417.04,11465.84
1110,2020-08-30 04:00:00.000,11465.84,11719,11458,11711.16
1111,2020-08-31 04:00:00.000,11711.17,11800.77,11570,11649.51
1112,2020-09-01 04:00:00.000,11649.51,12050.85,11515,11921.97
1113,2020-09-02 04:00:00.000,11921.97,11954.57,11160.1,11388.54
1114,2020-09-03 04:00:00.000,11388.54,11462.6,9960.8,10140.85
1115,2020-09-04 04:00:00.000,10138.29,10627.05,9875.5,10446.25
1116,2020-09-05 04:00:00.000,10446.25,10565.68,9825,10166.69
1117,2020-09-06 04:00:00.000,10166.69,10347.14,9994.86,10256.2
1118,2020-09-07 04:00:00.000,10255.89,10410.75,9875,10373.44
1119,2020-09-08 04:00:00.000,10373.45,10438,9850,10126.65
1120,2020-09-09 04:00:00.000,10126.66,10343,9981.01,10219.2
1121,2020-09-10 04:00:00.000,10219.29,10483.35,10070.83,10336.87
1122,2020-09-11 04:00:00.000,10336.86,10397.6,10200,10387.89
1123,2020-09-12 04:00:00.000,10387.89,10477.97,10269.25,10440.92
1124,2020-09-13 04:00:00.000,10440.67,10580.11,10200,10332.83
1125,2020-09-14 04:00:00.000,10332.84,10750,10212.34,10671.77
1126,2020-09-15 04:00:00.000,10671.77,10930.04,10606.48,10785.31
1127,2020-09-16 04:00:00.000,10785.23,11093,10661.22,10954.01
1128,2020-09-17 04:00:00.000,10954.01,11045.46,10745.83,10939.99
1129,2020-09-18 04:00:00.000,10940,11038.03,10812.84,10933.39
1130,2020-09-19 04:00:00.000,10933.4,11179.79,10887.37,11080.65
1131,2020-09-20 04:00:00.000,11080.64,11080.64,10723,10920.28
1132,2020-09-21 04:00:00.000,10920.28,10988.86,10296.35,10417.22
1133,2020-09-22 04:00:00.000,10417.22,10572.71,10353,10529.61
1134,2020-09-23 04:00:00.000,10529.61,10537.15,10136.82,10241.46
1135,2020-09-24 04:00:00.000,10241.46,10795.24,10190.93,10736.32
1136,2020-09-25 04:00:00.000,10736.33,10760.53,10556.24,10686.67
1137,2020-09-26 04:00:00.000,10686.57,10820.94,10644.68,10728.6
1138,2020-09-27 04:00:00.000,10728.59,10799,10594.82,10774.25
1139,2020-09-28 04:00:00.000,10774.26,10950,10626,10696.12
1140,2020-09-29 04:00:00.000,10696.11,10867.54,10635.87,10840.48
1141,2020-09-30 04:00:00.000,10840.58,10849.34,10665.13,10776.59
1142,2020-10-01 04:00:00.000,10776.59,10920,10437,10619.13
1143,2020-10-02 04:00:00.000,10619.13,10664.64,10374,10570.4
1144,2020-10-03 04:00:00.000,10570.4,10603.56,10496.46,10542.06
1145,2020-10-04 04:00:00.000,10542.07,10696.87,10517.87,10666.63
1146,2020-10-05 04:00:00.000,10666.62,10798,10615.64,10792.21
1147,2020-10-06 04:00:00.000,10792.2,10800,10525,10599.66
1148,2020-10-07 04:00:00.000,10599.65,10681.87,10546.17,10666.39
1149,2020-10-08 04:00:00.000,10666.4,10950,10530.41,10925.57
1150,2020-10-09 04:00:00.000,10925.44,11104.64,10829,11050.64
1151,2020-10-10 04:00:00.000,11050.64,11491,11050.51,11293.22
1152,2020-10-11 04:00:00.000,11293.22,11445,11221,11369.02
1153,2020-10-12 04:00:00.000,11369.02,11720.01,11172,11528.25
1154,2020-10-13 04:00:00.000,11528.24,11557,11300,11420.56
1155,2020-10-14 04:00:00.000,11420.57,11547.98,11280,11417.89
1156,2020-10-15 04:00:00.000,11417.89,11617.34,11250.83,11505.12
1157,2020-10-16 04:00:00.000,11505.13,11541.15,11200,11319.32
1158,2020-10-17 04:00:00.000,11319.24,11402.42,11255,11360.2
1159,2020-10-18 04:00:00.000,11360.31,11505,11346.22,11503.14
1160,2020-10-19 04:00:00.000,11503.14,11823.99,11407.96,11751.47
1161,2020-10-20 04:00:00.000,11751.46,12038.38,11677.59,11909.99
1162,2020-10-21 04:00:00.000,11910,13217.68,11886.95,12780.96
1163,2020-10-22 04:00:00.000,12780.75,13185,12678.08,12968.52
1164,2020-10-23 04:00:00.000,12968.84,13027.69,12720.08,12923.07
1165,2020-10-24 04:00:00.000,12923.06,13166.73,12870,13111.73
1166,2020-10-25 04:00:00.000,13111.73,13350,12888,13028.83
1167,2020-10-26 04:00:00.000,13029.64,13238.81,12765,13052.19
1168,2020-10-27 04:00:00.000,13052.15,13789.29,13019.87,13636.17
1169,2020-10-28 04:00:00.000,13636.16,13859.48,12888,13266.4
1170,2020-10-29 04:00:00.000,13266.4,13642.91,12920.77,13455.7
1171,2020-10-30 04:00:00.000,13455.69,13669.98,13115,13560.1
1172,2020-10-31 04:00:00.000,13560.1,14100,13411.5,13791
1173,2020-11-01 04:00:00.000,13791,13895,13603,13761.5
1174,2020-11-02 04:00:00.000,13761.49,13830,13195.05,13549.37
1175,2020-11-03 04:00:00.000,13549.63,14066.11,13284.99,14023.53
1176,2020-11-04 04:00:00.000,14023.53,14259,13525,14144.01
1177,2020-11-05 04:00:00.000,14144.01,15750,14093.56,15590.02
1178,2020-11-06 04:00:00.000,15590.02,15960,15166,15579.92
1179,2020-11-07 04:00:00.000,15579.93,15753.52,14344.22,14818.3
1180,2020-11-08 04:00:00.000,14818.3,15650,14703.88,15475.1
1181,2020-11-09 04:00:00.000,15475.1,15840,14805.54,15328.41
1182,2020-11-10 04:00:00.000,15328.41,15460,15072.46,15297.21
1183,2020-11-11 04:00:00.000,15297.21,15965,15272.68,15684.24
1184,2020-11-12 04:00:00.000,15684.25,16340.7,15440.64,16291.86
1185,2020-11-13 04:00:00.000,16291.85,16480,15952.35,16320.7
1186,2020-11-14 04:00:00.000,16320.04,16326.99,15670,16070.45
1187,2020-11-15 04:00:00.000,16069.56,16180,15774.72,15957
1188,2020-11-16 04:00:00.000,15957,16880,15864,16713.57
1189,2020-11-17 04:00:00.000,16713.08,17858.82,16538,17659.38
1190,2020-11-18 04:00:00.000,17659.38,18476.93,17214.45,17776.12
1191,2020-11-19 04:00:00.000,17777.75,18179.8,17335.65,17802.82
1192,2020-11-20 04:00:00.000,17802.81,18815.22,17740.04,18655.67
1193,2020-11-21 04:00:00.000,18655.66,18965.9,18308.58,18703.8
1194,2020-11-22 04:00:00.000,18703.8,18750,17610.86,18414.43
1195,2020-11-23 04:00:00.000,18413.88,18766,18000,18368
1196,2020-11-24 04:00:00.000,18368.01,19418.97,18018,19160.01
1197,2020-11-25 04:00:00.000,19160,19484.21,18500.27,18719.11
1198,2020-11-26 04:00:00.000,18718.83,18915.03,16188,17149.47
1199,2020-11-27 04:00:00.000,17149.47,17457.62,16438.08,17139.52
1200,2020-11-28 04:00:00.000,17139.53,17880.49,16865.56,17719.85
1201,2020-11-29 04:00:00.000,17719.84,18360.05,17517,18184.99
1202,2020-11-30 04:00:00.000,18185,19863.16,18184.99,19695.87
1203,2020-12-01 04:00:00.000,19695.87,19888,18001.12,18764.96
1204,2020-12-02 04:00:00.000,18764.96,19342,18330,19204.09
1205,2020-12-03 04:00:00.000,19204.08,19598,18867.2,19421.9
1206,2020-12-04 04:00:00.000,19422.34,19527,18565.31,18650.52
1207,2020-12-05 04:00:00.000,18650.51,19177,18500,19147.66
1208,2020-12-06 04:00:00.000,19147.66,19420,18857,19359.4
1209,2020-12-07 04:00:00.000,19358.67,19420.91,18902.88,19166.9
1210,2020-12-08 04:00:00.000,19166.9,19294.84,18200,18324.11
1211,2020-12-09 04:00:00.000,18324.11,18639.57,17650,18541.28
1212,2020-12-10 04:00:00.000,18541.29,18557.32,17911.12,18254.63
1213,2020-12-11 04:00:00.000,18254.81,18292.73,17572.33,18036.53
1214,2020-12-12 04:00:00.000,18036.53,18948.66,18020.7,18808.69
1215,2020-12-13 04:00:00.000,18808.69,19411,18711.12,19174.99
1216,2020-12-14 04:00:00.000,19174.99,19349,19000,19273.14
1217,2020-12-15 04:00:00.000,19273.69,19570,19050,19426.43
1218,2020-12-16 04:00:00.000,19426.43,21560,19278.6,21335.52
1219,2020-12-17 04:00:00.000,21335.52,23800,21230,22797.16
1220,2020-12-18 04:00:00.000,22797.15,23285.18,22350,23107.39
1221,2020-12-19 04:00:00.000,23107.39,24171.47,22750,23821.61
1222,2020-12-20 04:00:00.000,23821.6,24295,23060,23455.52
1223,2020-12-21 04:00:00.000,23455.54,24102.77,21815,22719.71
1224,2020-12-22 04:00:00.000,22719.88,23837.1,22353.4,23810.79
1225,2020-12-23 04:00:00.000,23810.79,24100,22600,23232.76
1226,2020-12-24 04:00:00.000,23232.39,23794.43,22703.42,23729.2
1227,2020-12-25 04:00:00.000,23728.99,24789.86,23433.6,24712.47
1228,2020-12-26 04:00:00.000,24712.47,26867.03,24500,26493.39
1229,2020-12-27 03:00:00.000,26493.4,28422,25700,26281.66
1230,2020-12-28 03:00:00.000,26281.54,27500,26101,27079.41
1231,2020-12-29 03:00:00.000,27079.42,27410,25880,27385
1232,2020-12-30 03:00:00.000,27385,28996,27320,28875.54
1233,2020-12-31 03:00:00.000,28875.55,29300,27850,28923.63
1234,2021-01-01 03:00:00.000,28923.63,29600,28624.57,29331.69
1235,2021-01-02 03:00:00.000,29331.7,33300,28946.53,32178.33
1236,2021-01-03 03:00:00.000,32176.45,34778.11,31962.99,33000.05
1237,2021-01-04 03:00:00.000,33000.05,33600,28130,31988.71
1238,2021-01-05 03:00:00.000,31989.75,34360,29900,33949.53
1239,2021-01-06 03:00:00.000,33949.53,36939.21,33288,36769.36
1240,2021-01-07 03:00:00.000,36769.36,40365,36300,39432.28
1241,2021-01-08 03:00:00.000,39432.48,41950,36500,40582.81
1242,2021-01-09 03:00:00.000,40586.96,41380,38720,40088.22
1243,2021-01-10 03:00:00.000,40088.22,41350,35111.11,38150.02
1244,2021-01-11 03:00:00.000,38150.02,38264.74,30420,35404.47
1245,2021-01-12 03:00:00.000,35410.37,36628,32531,34051.24
1246,2021-01-13 03:00:00.000,34049.15,37850,32380,37371.38
1247,2021-01-14 03:00:00.000,37371.38,40100,36701.23,39144.5
1248,2021-01-15 03:00:00.000,39145.21,39747.76,34408,36742.22
1249,2021-01-16 03:00:00.000,36737.43,37950,35357.8,35994.98
1250,2021-01-17 03:00:00.000,35994.98,36852.5,33850,35828.61
1251,2021-01-18 03:00:00.000,35824.99,37469.83,34800,36631.27
1252,2021-01-19 03:00:00.000,36622.46,37850,35844.06,35891.49
1253,2021-01-20 03:00:00.000,35901.94,36415.31,33400,35468.23
1254,2021-01-21 03:00:00.000,35468.23,35600,30071,30850.13
1255,2021-01-22 03:00:00.000,30851.99,33826.53,28850,32945.17
1256,2021-01-23 03:00:00.000,32950,33456,31390.16,32078
1257,2021-01-24 03:00:00.000,32078,33071,30900,32259.9
1258,2021-01-25 03:00:00.000,32259.45,34875,31910,32254.2
1259,2021-01-26 03:00:00.000,32254.19,32921.88,30837.37,32467.77
1260,2021-01-27 03:00:00.000,32464.01,32557.29,29241.72,30366.15
1261,2021-01-28 03:00:00.000,30362.19,33783.98,29842.1,33364.86
1262,2021-01-29 03:00:00.000,33368.18,38531.9,31915.4,34252.2
1263,2021-01-30 03:00:00.000,34246.28,34933,32825,34262.88
1264,2021-01-31 03:00:00.000,34262.89,34342.69,32171.67,33092.98
1265,2021-02-01 03:00:00.000,33092.97,34717.27,32296.16,33526.37
1266,2021-02-02 03:00:00.000,33517.09,35984.33,33418,35466.24
1267,2021-02-03 03:00:00.000,35472.71,37662.63,35362.38,37618.87
1268,2021-02-04 03:00:00.000,37620.26,38708.27,36161.95,36936.66
1269,2021-02-05 03:00:00.000,36936.65,38310.12,36570,38290.24
1270,2021-02-06 03:00:00.000,38289.32,40955.51,38215.94,39186.94
1271,2021-02-07 03:00:00.000,39181.01,39700,37351,38795.69
1272,2021-02-08 03:00:00.000,38795.69,46794.45,37988.89,46374.87
1273,2021-02-09 03:00:00.000,46374.86,48142.19,44961.09,46420.42
1274,2021-02-10 03:00:00.000,46420.42,47310,43727,44807.58
1275,2021-02-11 03:00:00.000,44807.58,48678.9,43994.02,47969.51
1276,2021-02-12 03:00:00.000,47968.66,48985.8,46125,47287.6
1277,2021-02-13 03:00:00.000,47298.15,48150,46202.53,47153.69
1278,2021-02-14 03:00:00.000,47156.78,49707.43,47014.17,48577.79
1279,2021-02-15 03:00:00.000,48580.47,49010.92,45570.79,47911.1
1280,2021-02-16 03:00:00.000,47911.1,50689.18,47003.62,49133.45
1281,2021-02-17 03:00:00.000,49133.45,52618.74,48947,52119.71
1282,2021-02-18 03:00:00.000,52117.67,52530,50901.9,51552.6
1283,2021-02-19 03:00:00.000,51552.61,56368,50710.2,55906
1284,2021-02-20 03:00:00.000,55906,57700.46,53863.93,55841.19
1285,2021-02-21 03:00:00.000,55841.19,58352.8,55477.59,57408.57
1286,2021-02-22 03:00:00.000,57412.35,57508.47,47622,54087.67
1287,2021-02-23 03:00:00.000,54087.67,54183.59,44892.56,48891
1288,2021-02-24 03:00:00.000,48891,51374.99,46988.69,49676.2
1289,2021-02-25 03:00:00.000,49676.21,52041.73,46674.34,47073.73
1290,2021-02-26 03:00:00.000,47073.73,48424.11,44106.78,46276.87
1291,2021-02-27 03:00:00.000,46276.88,48394,45000,46106.43
1292,2021-02-28 03:00:00.000,46103.67,46638.46,43000,45135.66
1293,2021-03-01 03:00:00.000,45134.11,49790,44950.53,49587.03
1294,2021-03-02 03:00:00.000,49595.76,50200,47047.6,48440.65
1295,2021-03-03 03:00:00.000,48436.61,52640,48100.71,50349.37
1296,2021-03-04 03:00:00.000,50349.37,51773.88,47500,48374.09
1297,2021-03-05 03:00:00.000,48374.09,49448.93,46300,48751.71
1298,2021-03-06 03:00:00.000,48746.81,49200,47070,48882.2
1299,2021-03-07 03:00:00.000,48882.2,51450.03,48882.2,50971.75
1300,2021-03-08 03:00:00.000,50959.11,52402.78,49274.67,52375.17
1301,2021-03-09 03:00:00.000,52375.18,54895,51789.41,54884.5
1302,2021-03-10 03:00:00.000,54874.67,57387.69,53005,55851.59
1303,2021-03-11 03:00:00.000,55851.59,58150,54272.82,57773.16
1304,2021-03-12 03:00:00.000,57773.15,58081.51,54962.84,57221.72
1305,2021-03-13 03:00:00.000,57221.72,61844,56078.23,61188.39
1306,2021-03-14 03:00:00.000,61188.38,61724.79,58966.78,58968.31
1307,2021-03-15 03:00:00.000,58976.08,60633.43,54600,55605.2
1308,2021-03-16 03:00:00.000,55605.2,56938.29,53271.34,56900.75
1309,2021-03-17 03:00:00.000,56900.74,58974.73,54123.69,58912.97
1310,2021-03-18 03:00:00.000,58912.97,60129.97,57023,57648.16
1311,2021-03-19 03:00:00.000,57641,59468,56270.74,58030.01
1312,2021-03-20 03:00:00.000,58030.01,59880,57820.17,58102.28
1313,2021-03-21 03:00:00.000,58100.02,58589.1,55450.11,57351.56
1314,2021-03-22 03:00:00.000,57351.56,58430.73,53650,54083.25
1315,2021-03-23 03:00:00.000,54083.25,55830.9,53000,54340.89
1316,2021-03-24 03:00:00.000,54342.8,57200,51700,52303.65
1317,2021-03-25 03:00:00.000,52303.66,53287,50427.56,51293.78
1318,2021-03-26 03:00:00.000,51293.78,55073.46,51214.6,55025.59
1319,2021-03-27 03:00:00.000,55025.59,56700.36,53950,55817.14
1320,2021-03-28 03:00:00.000,55817.14,56559.75,54691.84,55777.63
1321,2021-03-29 03:00:00.000,55777.65,58405.82,54800.01,57635.47
1322,2021-03-30 03:00:00.000,57635.46,59368,57071.35,58746.57
1323,2021-03-31 03:00:00.000,58746.57,59800,56769,58740.55
1324,2021-04-01 03:00:00.000,58739.46,59490,57935.45,58720.44
1325,2021-04-02 03:00:00.000,58720.45,60200,58428.57,58950.01
1326,2021-04-03 03:00:00.000,58950.01,59791.72,56880,57051.94
1327,2021-04-04 03:00:00.000,57051.95,58492.85,56388,58202.01
1328,2021-04-05 03:00:00.000,58202.01,59272,56777.77,59129.99
1329,2021-04-06 03:00:00.000,59129.99,59495.24,57413.02,57991.15
1330,2021-04-07 03:00:00.000,57990.03,58655,55473,55953.45
1331,2021-04-08 03:00:00.000,55953.44,58153.31,55700,58077.52
1332,2021-04-09 03:00:00.000,58077.52,58894.9,57654,58142.54
1333,2021-04-10 03:00:00.000,58142.55,61500,57900.01,59769.13
1334,2021-04-11 03:00:00.000,59769.13,60699,59232.52,60002.43
1335,2021-04-12 03:00:00.000,59998.8,61300,59350.59,59860
1336,2021-04-13 03:00:00.000,59860.01,63777.77,59805.15,63575
1337,2021-04-14 03:00:00.000,63575.01,64854,61301,62959.53
1338,2021-04-15 03:00:00.000,62959.53,63800,62020,63159.98
1339,2021-04-16 03:00:00.000,63158.74,63520.61,60000,61334.8
1340,2021-04-17 03:00:00.000,61334.81,62506.05,59580.91,60006.66
1341,2021-04-18 03:00:00.000,60006.67,60499,50931.3,56150.01
1342,2021-04-19 03:00:00.000,56150.01,57526.81,54221.58,55633.14
1343,2021-04-20 03:00:00.000,55633.14,57076.24,53329.96,56425
1344,2021-04-21 03:00:00.000,56425,56757.91,53536.02,53787.63
1345,2021-04-22 03:00:00.000,53787.62,55521.48,50500,51690.96
1346,2021-04-23 03:00:00.000,51690.95,52131.85,47500,51125.14
1347,2021-04-24 03:00:00.000,51110.56,51166.22,48657.14,50047.84
1348,2021-04-25 03:00:00.000,50047.84,50567.91,46930,49066.77
1349,2021-04-26 03:00:00.000,49066.76,54356.62,48753.44,54001.39
1350,2021-04-27 03:00:00.000,54001.38,55460,53222,55011.97
1351,2021-04-28 03:00:00.000,55011.97,56428,53813.16,54846.22
1352,2021-04-29 03:00:00.000,54846.23,55195.84,52330.94,53555
1353,2021-04-30 03:00:00.000,53555,57963,53013.01,57694.27
1354,2021-05-01 03:00:00.000,57697.25,58458.07,56956.14,57800.37
1355,2021-05-02 03:00:00.000,57797.35,57911.02,56035.25,56578.21
1356,2021-05-03 03:00:00.000,56578.21,58981.44,56435,57169.39
1357,2021-05-04 03:00:00.000,57169.39,57200,53046.69,53200.01
1358,2021-05-05 03:00:00.000,53205.05,58069.82,52900,57436.11
1359,2021-05-06 03:00:00.000,57436.11,58360,55200,56393.68
1360,2021-05-07 03:00:00.000,56393.68,58650,55241.63,57314.75
1361,2021-05-08 03:00:00.000,57315.49,59500,56900,58862.05
1362,2021-05-09 03:00:00.000,58866.53,59300,56235.66,58240.84
1363,2021-05-10 03:00:00.000,58240.83,59500,53400,55816.14
1364,2021-05-11 03:00:00.000,55816.14,56862.43,54370,56670.02
1365,2021-05-12 03:00:00.000,56670.02,58000.01,48600,49631.32
1366,2021-05-13 03:00:00.000,49537.15,51367.19,46000,49670.97
1367,2021-05-14 03:00:00.000,49671.92,51483,48799.75,49841.45
1368,2021-05-15 03:00:00.000,49844.16,50700,46555,46762.99
1369,2021-05-16 03:00:00.000,46762.99,49795.89,43825.39,46431.5
1370,2021-05-17 03:00:00.000,46426.83,46686,42001,43538.04
1371,2021-05-18 03:00:00.000,43538.02,45799.29,42250.02,42849.78
1372,2021-05-19 03:00:00.000,42849.78,43584.9,30000,36690.09
1373,2021-05-20 03:00:00.000,36671.23,42451.67,34850,40526.64
1374,2021-05-21 03:00:00.000,40525.39,42200,33488,37252.01
1375,2021-05-22 03:00:00.000,37263.35,38829,35200.62,37449.73
1376,2021-05-23 03:00:00.000,37458.51,38270.64,31111.01,34655.25
1377,2021-05-24 03:00:00.000,34681.44,39920,34031,38796.29
1378,2021-05-25 03:00:00.000,38810.99,39791.77,36419.62,38324.72
1379,2021-05-26 03:00:00.000,38324.72,40841,37800.44,39241.91
1380,2021-05-27 03:00:00.000,39241.92,40411.14,37134.27,38529.98
1381,2021-05-28 03:00:00.000,38529.99,38877.83,34684,35663.49
1382,2021-05-29 03:00:00.000,35661.79,37338.58,33632.76,34605.15
1383,2021-05-30 03:00:00.000,34605.15,36488,33379,35641.27
1384,2021-05-31 03:00:00.000,35641.26,37499,34153.84,37253.81
1385,2021-06-01 03:00:00.000,37253.82,37894.81,35666,36693.09
1386,2021-06-02 03:00:00.000,36694.85,38225,35920,37568.68
1387,2021-06-03 03:00:00.000,37568.68,39476,37170,39246.79
1388,2021-06-04 03:00:00.000,39246.78,39289.07,35555.15,36829
1389,2021-06-05 03:00:00.000,36829.15,37925,34800,35513.2
1390,2021-06-06 03:00:00.000,35516.07,36480,35222,35796.31
1391,2021-06-07 03:00:00.000,35796.31,36900,33300,33552.79
1392,2021-06-08 03:00:00.000,33556.96,34068.01,31000,33380.81
1393,2021-06-09 03:00:00.000,33380.8,37534.79,32396.82,37388.05
1394,2021-06-10 03:00:00.000,37388.05,38491,35782,36675.72
1395,2021-06-11 03:00:00.000,36677.83,37680.4,35936.77,37331.98
1396,2021-06-12 03:00:00.000,37331.98,37463.63,34600.36,35546.11
1397,2021-06-13 03:00:00.000,35546.12,39380,34757,39020.57
1398,2021-06-14 03:00:00.000,39020.56,41064.05,38730,40516.29
1399,2021-06-15 03:00:00.000,40516.28,41330,39506.4,40144.04
1400,2021-06-16 03:00:00.000,40143.8,40527.14,38116.01,38349.01
1401,2021-06-17 03:00:00.000,38349,39559.88,37365,38092.97
1402,2021-06-18 03:00:00.000,38092.97,38202.84,35129.29,35819.84
1403,2021-06-19 03:00:00.000,35820.48,36457,34803.52,35483.72
1404,2021-06-20 03:00:00.000,35483.72,36137.72,33336,35600.16
1405,2021-06-21 03:00:00.000,35600.17,35750,31251.23,31608.93
1406,2021-06-22 03:00:00.000,31614.12,33298.78,28805,32509.56
1407,2021-06-23 03:00:00.000,32509.56,34881,31683,33678.07
1408,2021-06-24 03:00:00.000,33675.07,35298,32286.57,34663.09
1409,2021-06-25 03:00:00.000,34663.08,35500,31275,31584.45
1410,2021-06-26 03:00:00.000,31576.09,32730,30151,32283.65
1411,2021-06-27 03:00:00.000,32283.65,34749,31973.45,34700.34
1412,2021-06-28 03:00:00.000,34702.49,35297.71,33862.72,34494.89
1413,2021-06-29 03:00:00.000,34494.89,36600,34225.43,35911.73
1414,2021-06-30 03:00:00.000,35911.72,36100,34017.55,35045
1415,2021-07-01 03:00:00.000,35045,35057.57,32711,33504.69
1416,2021-07-02 03:00:00.000,33502.33,33977.04,32699,33786.55
1417,2021-07-03 03:00:00.000,33786.54,34945.61,33316.73,34669.13
1418,2021-07-04 03:00:00.000,34669.12,35967.85,34357.15,35286.51
1419,2021-07-05 03:00:00.000,35288.13,35293.78,33125.55,33690.14
1420,2021-07-06 03:00:00.000,33690.15,35118.88,33532,34220.01
1421,2021-07-07 03:00:00.000,34220.02,35059.09,33777.77,33862.12
1422,2021-07-08 03:00:00.000,33862.11,33929.64,32077,32875.71
1423,2021-07-09 03:00:00.000,32875.71,34100,32261.07,33815.81
1424,2021-07-10 03:00:00.000,33815.81,34262,33004.78,33502.87
1425,2021-07-11 03:00:00.000,33502.87,34666,33306.47,34258.99
1426,2021-07-12 03:00:00.000,34259,34678.43,32658.34,33086.63
1427,2021-07-13 03:00:00.000,33086.94,33340,32202.25,32729.77
1428,2021-07-14 03:00:00.000,32729.12,33114.03,31550,32820.02
1429,2021-07-15 03:00:00.000,32820.03,33185.25,31133,31880
1430,2021-07-16 03:00:00.000,31874.49,32249.18,31020,31383.87
1431,2021-07-17 03:00:00.000,31383.86,31955.92,31164.31,31520.07
1432,2021-07-18 03:00:00.000,31520.07,32435,31108.97,31778.56
1433,2021-07-19 03:00:00.000,31778.57,31899,30407.44,30839.65
1434,2021-07-20 03:00:00.000,30839.65,31063.07,29278,29790.35
1435,2021-07-21 03:00:00.000,29790.34,32858,29482.61,32144.51
1436,2021-07-22 03:00:00.000,32144.51,32591.35,31708,32287.83
1437,2021-07-23 03:00:00.000,32287.58,33650,31924.32,33634.09
1438,2021-07-24 03:00:00.000,33634.1,34500,33401.14,34258.14
1439,2021-07-25 03:00:00.000,34261.51,35398,33851.12,35381.02
1440,2021-07-26 03:00:00.000,35381.02,40550,35205.78,37237.6
1441,2021-07-27 03:00:00.000,37241.33,39542.61,36383,39457.87
1442,2021-07-28 03:00:00.000,39456.61,40900,38772,40019.56
1443,2021-07-29 03:00:00.000,40019.57,40640,39200,40016.48
1444,2021-07-30 03:00:00.000,40018.49,42316.71,38313.23,42206.37
1445,2021-07-31 03:00:00.000,42206.36,42448,41000.15,41461.83
1446,2021-08-01 03:00:00.000,41461.84,42599,39422.01,39845.44
1447,2021-08-02 03:00:00.000,39850.27,40480.01,38690,39147.82
1448,2021-08-03 03:00:00.000,39146.86,39780,37642.03,38207.05
1449,2021-08-04 03:00:00.000,38207.04,39969.66,37508.56,39723.18
1450,2021-08-05 03:00:00.000,39723.17,41350,37332.7,40862.46
1451,2021-08-06 03:00:00.000,40862.46,43392.43,39853.86,42836.87
1452,2021-08-07 03:00:00.000,42836.87,44700,42446.41,44572.54
1453,2021-08-08 03:00:00.000,44572.54,45310,43261,43794.37
1454,2021-08-09 03:00:00.000,43794.36,46454.15,42779,46253.4
1455,2021-08-10 03:00:00.000,46248.87,46700,44589.46,45584.99
1456,2021-08-11 03:00:00.000,45585,46743.47,45341.14,45511
1457,2021-08-12 03:00:00.000,45510.67,46218.12,43770,44399
1458,2021-08-13 03:00:00.000,44400.06,47886,44217.39,47800
1459,2021-08-14 03:00:00.000,47799.99,48144,45971.03,47068.51
1460,2021-08-15 03:00:00.000,47068.5,47372.27,45500,46973.82
1461,2021-08-16 03:00:00.000,46973.82,48053.83,45660,45901.29
1462,2021-08-17 03:00:00.000,45901.3,47160,44376,44695.95
1463,2021-08-18 03:00:00.000,44695.95,46000,44203.28,44705.29
1464,2021-08-19 03:00:00.000,44699.37,47033,43927.7,46760.62
1465,2021-08-20 03:00:00.000,46760.62,49382.99,46622.99,49322.47
1466,2021-08-21 03:00:00.000,49322.47,49757.04,48222,48821.87
1467,2021-08-22 03:00:00.000,48821.88,49500,48050,49239.22
1468,2021-08-23 03:00:00.000,49239.22,50500,49029,49488.85
1469,2021-08-24 03:00:00.000,49488.85,49860,47600,47674.01
1470,2021-08-25 03:00:00.000,47674.01,49264.3,47126.28,48973.32
1471,2021-08-26 03:00:00.000,48973.32,49352.84,46250,46843.87
1472,2021-08-27 03:00:00.000,46843.86,49149.93,46348,49069.9
1473,2021-08-28 03:00:00.000,49069.9,49299,48346.88,48895.35
1474,2021-08-29 03:00:00.000,48895.35,49632.27,47762.54,48767.83
1475,2021-08-30 03:00:00.000,48767.84,48888.61,46853,46982.91
1476,2021-08-31 03:00:00.000,46982.91,48246.11,46700,47100.89
1477,2021-09-01 03:00:00.000,47100.89,49156,46512,48810.52
1478,2021-09-02 03:00:00.000,48810.51,50450.13,48584.06,49246.64
1479,2021-09-03 03:00:00.000,49246.63,51000,48316.84,49999.14
1480,2021-09-04 03:00:00.000,49998,50535.69,49370,49915.64
1481,2021-09-05 03:00:00.000,49917.54,51900,49450,51756.88
1482,2021-09-06 03:00:00.000,51756.88,52780,50969.33,52663.9
1483,2021-09-07 03:00:00.000,52666.2,52920,42843.05,46863.73
1484,2021-09-08 03:00:00.000,46868.57,47340.99,44412.02,46048.31
1485,2021-09-09 03:00:00.000,46048.31,47399.97,45513.08,46395.14
1486,2021-09-10 03:00:00.000,46395.14,47033,44132.29,44850.91
1487,2021-09-11 03:00:00.000,44842.2,45987.93,44722.22,45173.69
1488,2021-09-12 03:00:00.000,45173.68,46460,44742.06,46025.24
1489,2021-09-13 03:00:00.000,46025.23,46880,43370,44940.73
1490,2021-09-14 03:00:00.000,44940.72,47250,44594.44,47111.52
1491,2021-09-15 03:00:00.000,47103.28,48500,46682.32,48121.41
1492,2021-09-16 03:00:00.000,48121.4,48557,47021.1,47737.82
1493,2021-09-17 03:00:00.000,47737.81,48150,46699.56,47299.98
1494,2021-09-18 03:00:00.000,47299.98,48843.2,47035.56,48292.74
1495,2021-09-19 03:00:00.000,48292.75,48372.83,46829.18,47241.75
1496,2021-09-20 03:00:00.000,47241.75,47347.25,42500,43015.62
1497,2021-09-21 03:00:00.000,43016.64,43639,39600,40734.38
1498,2021-09-22 03:00:00.000,40734.09,44000.55,40565.39,43543.61
1499,2021-09-23 03:00:00.000,43546.37,44978,43069.09,44865.26
1500,2021-09-24 03:00:00.000,44865.26,45200,40675,42810.57
1501,2021-09-25 03:00:00.000,42810.58,42966.84,41646.28,42670.64
1502,2021-09-26 03:00:00.000,42670.63,43950,40750,43160.9
1503,2021-09-27 03:00:00.000,43160.9,44350,42098,42147.35
1504,2021-09-28 03:00:00.000,42147.35,42787.38,40888,41026.54
1505,2021-09-29 03:00:00.000,41025.01,42590,40753.88,41524.28
1506,2021-09-30 03:00:00.000,41524.29,44141.37,41410.17,43824.1
1507,2021-10-01 03:00:00.000,43820.01,48495,43283.03,48141.61
1508,2021-10-02 03:00:00.000,48141.6,48336.59,47430.18,47634.9
1509,2021-10-03 03:00:00.000,47634.89,49228.08,47088,48200.01
1510,2021-10-04 03:00:00.000,48200.01,49536.12,46891,49224.94
1511,2021-10-05 03:00:00.000,49224.93,51886.3,49022.4,51471.99
1512,2021-10-06 03:00:00.000,51471.99,55750,50382.41,55315
1513,2021-10-07 03:00:00.000,55315,55332.31,53357,53785.22
1514,2021-10-08 03:00:00.000,53785.22,56100,53617.61,53951.43
1515,2021-10-09 03:00:00.000,53955.67,55489,53661.67,54949.72
1516,2021-10-10 03:00:00.000,54949.72,56561.31,54080,54659
1517,2021-10-11 03:00:00.000,54659.01,57839.04,54415.06,57471.35
1518,2021-10-12 03:00:00.000,57471.35,57680,53879,55996.93
1519,2021-10-13 03:00:00.000,55996.91,57777,54167.19,57367
1520,2021-10-14 03:00:00.000,57370.83,58532.54,56818.05,57347.94
1521,2021-10-15 03:00:00.000,57347.94,62933,56850,61672.42
1522,2021-10-16 03:00:00.000,61672.42,62378.42,60150,60875.57
1523,2021-10-17 03:00:00.000,60875.57,61718.39,58963,61528.33
1524,2021-10-18 03:00:00.000,61528.32,62695.78,59844.45,62009.84
1525,2021-10-19 03:00:00.000,62005.6,64486,61322.22,64280.59
1526,2021-10-20 03:00:00.000,64280.59,67000,63481.4,66001.41
1527,2021-10-21 03:00:00.000,66001.4,66639.74,62000,62193.15
1528,2021-10-22 03:00:00.000,62193.15,63732.39,60000,60688.22
1529,2021-10-23 03:00:00.000,60688.23,61747.64,59562.15,61286.75
1530,2021-10-24 03:00:00.000,61286.75,61500,59510.63,60852.22
1531,2021-10-25 03:00:00.000,60852.22,63710.63,60650,63078.78
1532,2021-10-26 03:00:00.000,63078.78,63293.48,59817.55,60328.81
1533,2021-10-27 03:00:00.000,60328.81,61496,58000,58413.44
1534,2021-10-28 03:00:00.000,58413.44,62499,57820,60575.89
1535,2021-10-29 03:00:00.000,60575.9,62980,60174.81,62253.71
1536,2021-10-30 03:00:00.000,62253.7,62359.25,60673,61859.19
1537,2021-10-31 03:00:00.000,61859.19,62405.3,59945.36,61299.8
1538,2021-11-01 03:00:00.000,61299.81,62437.74,59405,60911.11
1539,2021-11-02 03:00:00.000,60911.12,64270,60624.68,63219.99
1540,2021-11-03 03:00:00.000,63220.57,63500,60382.76,62896.48
1541,2021-11-04 03:00:00.000,62896.49,63086.31,60677.01,61395.01
1542,2021-11-05 03:00:00.000,61395.01,62595.72,60721,60937.12
1543,2021-11-06 03:00:00.000,60940.18,61560.49,60050,61470.61
1544,2021-11-07 03:00:00.000,61470.62,63286.35,61322.78,63273.59
1545,2021-11-08 03:00:00.000,63273.58,67789,63273.58,67525.83
1546,2021-11-09 03:00:00.000,67525.82,68524.25,66222.4,66947.66
1547,2021-11-10 03:00:00.000,66947.67,69000,62822.9,64882.43
1548,2021-11-11 03:00:00.000,64882.42,65600.07,64100,64774.26
1549,2021-11-12 03:00:00.000,64774.25,65450.7,62278,64122.23
1550,2021-11-13 03:00:00.000,64122.22,65000,63360.22,64380
1551,2021-11-14 03:00:00.000,64380.01,65550.51,63576.27,65519.1
1552,2021-11-15 03:00:00.000,65519.11,66401.82,63400,63606.74
1553,2021-11-16 03:00:00.000,63606.73,63617.31,58574.07,60058.87
1554,2021-11-17 03:00:00.000,60058.87,60840.23,58373,60344.87
1555,2021-11-18 03:00:00.000,60344.86,60976,56474.26,56891.62
1556,2021-11-19 03:00:00.000,56891.62,58320,55600,58052.24
1557,2021-11-20 03:00:00.000,58057.1,59845,57353,59707.51
1558,2021-11-21 03:00:00.000,59707.52,60029.76,58486.65,58622.02
1559,2021-11-22 03:00:00.000,58617.7,59444,55610,56247.18
1560,2021-11-23 03:00:00.000,56243.83,58009.99,55317,57541.27
1561,2021-11-24 03:00:00.000,57541.26,57735,55837,57138.29
1562,2021-11-25 03:00:00.000,57138.29,59398.9,57000,58960.36
1563,2021-11-26 03:00:00.000,58960.37,59150,53500,53726.53
1564,2021-11-27 03:00:00.000,53723.72,55280,53610,54721.03
1565,2021-11-28 03:00:00.000,54716.47,57445.05,53256.64,57274.88
1566,2021-11-29 03:00:00.000,57274.89,58865.97,56666.67,57776.25
1567,2021-11-30 03:00:00.000,57776.25,59176.99,55875.55,56950.56
1568,2021-12-01 03:00:00.000,56950.56,59053.55,56458.01,57184.07
1569,2021-12-02 03:00:00.000,57184.07,57375.47,55777.77,56480.34
1570,2021-12-03 03:00:00.000,56484.26,57600,51680,53601.05
1571,2021-12-04 03:00:00.000,53601.05,53859.1,42000.3,49152.47
1572,2021-12-05 03:00:00.000,49152.46,49699.05,47727.21,49396.33
1573,2021-12-06 03:00:00.000,49396.32,50891.11,47100,50441.92
1574,2021-12-07 03:00:00.000,50441.91,51936.33,50039.74,50588.95
1575,2021-12-08 03:00:00.000,50588.95,51200,48600,50471.19
1576,2021-12-09 03:00:00.000,50471.19,50797.76,47320,47545.59
1577,2021-12-10 03:00:00.000,47535.9,50125,46852,47140.54
1578,2021-12-11 03:00:00.000,47140.54,49485.71,46751,49389.99
1579,2021-12-12 03:00:00.000,49389.99,50777,48638,50053.9
1580,2021-12-13 03:00:00.000,50053.9,50189.97,45672.75,46702.75
1581,2021-12-14 03:00:00.000,46702.76,48700.41,46290,48343.28
1582,2021-12-15 03:00:00.000,48336.95,49500,46547,48864.98
1583,2021-12-16 03:00:00.000,48864.98,49436.43,47511,47632.38
1584,2021-12-17 03:00:00.000,47632.38,47995.96,45456,46131.2
1585,2021-12-18 03:00:00.000,46133.83,47392.37,45500,46834.48
1586,2021-12-19 03:00:00.000,46834.47,48300.01,46406.91,46681.23
1587,2021-12-20 03:00:00.000,46681.24,47537.57,45558.85,46914.16
1588,2021-12-21 03:00:00.000,46914.17,49328.96,46630,48889.88
1589,2021-12-22 03:00:00.000,48887.59,49576.13,48421.87,48588.16
1590,2021-12-23 03:00:00.000,48588.17,51375,47920.42,50838.81
1591,2021-12-24 03:00:00.000,50838.82,51810,50384.43,50820
1592,2021-12-25 03:00:00.000,50819.99,51156.23,50142.32,50399.66
1593,2021-12-26 03:00:00.000,50399.67,51280,49412,50775.49
1594,2021-12-27 03:00:00.000,50775.48,52088,50449,50701.44
1595,2021-12-28 03:00:00.000,50701.44,50704.05,47313.01,47543.74
1596,2021-12-29 03:00:00.000,47543.74,48139.08,46096.99,46464.66
1597,2021-12-30 03:00:00.000,46464.66,47900,45900,47120.87
1598,2021-12-31 03:00:00.000,47120.88,48548.26,45678,46216.93
1599,2022-01-01 03:00:00.000,46216.93,47954.63,46208.37,47722.65
1600,2022-01-02 03:00:00.000,47722.66,47990,46654,47286.18
1601,2022-01-03 03:00:00.000,47286.18,47570,45696,46446.1
1602,2022-01-04 03:00:00.000,46446.1,47557.54,45500,45832.01
1603,2022-01-05 03:00:00.000,45832.01,47070,42500,43451.13
1604,2022-01-06 03:00:00.000,43451.14,43816,42430.58,43082.31
1605,2022-01-07 03:00:00.000,43082.3,43145.83,40610,41566.48
1606,2022-01-08 03:00:00.000,41566.48,42300,40501,41679.74
1607,2022-01-09 03:00:00.000,41679.74,42786.7,41200.02,41864.62
1608,2022-01-10 03:00:00.000,41864.62,42248.5,39650,41822.49
1609,2022-01-11 03:00:00.000,41822.49,43100,41268.93,42729.29
1610,2022-01-12 03:00:00.000,42729.29,44322,42450,43902.66
1611,2022-01-13 03:00:00.000,43902.65,44500,42311.22,42560.11
1612,2022-01-14 03:00:00.000,42558.35,43448.78,41725.95,43059.96
1613,2022-01-15 03:00:00.000,43059.96,43800,42555,43084.29
1614,2022-01-16 03:00:00.000,43084.29,43475,42581.79,43071.66
1615,2022-01-17 03:00:00.000,43071.66,43176.18,41540.42,42201.62
1616,2022-01-18 03:00:00.000,42201.63,42691,41250,42352.12
1617,2022-01-19 03:00:00.000,42352.12,42559.13,41138.56,41660.01
1618,2022-01-20 03:00:00.000,41660,43505,40553.31,40680.91
1619,2022-01-21 03:00:00.000,40680.92,41100,35440.45,36445.31
1620,2022-01-22 03:00:00.000,36445.31,36835.22,34008,35071.42
1621,2022-01-23 03:00:00.000,35071.42,36499,34601.01,36244.55
1622,2022-01-24 03:00:00.000,36244.55,37550,32917.17,36660.35
1623,2022-01-25 03:00:00.000,36660.35,37545.14,35701,36958.32
1624,2022-01-26 03:00:00.000,36958.32,38919.98,36234.63,36809.34
1625,2022-01-27 03:00:00.000,36807.24,37234.47,35507.01,37160.1
1626,2022-01-28 03:00:00.000,37160.11,38000,36155.01,37716.56
1627,2022-01-29 03:00:00.000,37716.57,38720.74,37268.44,38166.84
1628,2022-01-30 03:00:00.000,38166.83,38359.26,37351.63,37881.76
1629,2022-01-31 03:00:00.000,37881.75,38744,36632.61,38466.9
1630,2022-02-01 03:00:00.000,38466.9,39265.2,38000,38694.59
1631,2022-02-02 03:00:00.000,38694.59,38855.92,36586.95,36896.36
1632,2022-02-03 03:00:00.000,36896.37,37387,36250,37311.61
1633,2022-02-04 03:00:00.000,37311.98,41772.33,37026.73,41574.25
1634,2022-02-05 03:00:00.000,41571.7,41913.69,40843.01,41382.59
1635,2022-02-06 03:00:00.000,41382.6,42656,41116.56,42380.87
1636,2022-02-07 03:00:00.000,42380.87,44500.5,41645.85,43839.99
1637,2022-02-08 03:00:00.000,43839.99,45492,42666,44042.99
1638,2022-02-09 03:00:00.000,44043,44799,43117.92,44372.72
1639,2022-02-10 03:00:00.000,44372.71,45821,43174.01,43495.44
1640,2022-02-11 03:00:00.000,43495.44,43920,41938.51,42373.73
1641,2022-02-12 03:00:00.000,42373.73,43079.49,41688.88,42217.87
1642,2022-02-13 03:00:00.000,42217.87,42760,41870,42053.66
1643,2022-02-14 03:00:00.000,42053.65,42842.4,41550.56,42535.94
1644,2022-02-15 03:00:00.000,42535.94,44751.4,42427.03,44544.86
1645,2022-02-16 03:00:00.000,44544.85,44549.97,43307,43873.56
1646,2022-02-17 03:00:00.000,43873.56,44164.71,40073.21,40515.7
1647,2022-02-18 03:00:00.000,40515.71,40959.88,39450,39974.44
1648,2022-02-19 03:00:00.000,39974.45,40444.32,39639.03,40079.17
1649,2022-02-20 03:00:00.000,40079.17,40125.44,38000,38386.89
1650,2022-02-21 03:00:00.000,38386.89,39494.35,36800,37008.16
1651,2022-02-22 03:00:00.000,37008.16,38429,36350,38230.33
1652,2022-02-23 03:00:00.000,38230.33,39249.93,37036.79,37250.01
1653,2022-02-24 03:00:00.000,37250.02,39843,34322.28,38327.21
1654,2022-02-25 03:00:00.000,38328.68,39683.53,38014.37,39219.17
1655,2022-02-26 03:00:00.000,39219.16,40348.45,38573.18,39116.72
1656,2022-02-27 03:00:00.000,39116.73,39855.7,37000,37699.07
1657,2022-02-28 03:00:00.000,37699.08,44225.84,37450.17,43160
1658,2022-03-01 03:00:00.000,43160,44949,42809.98,44421.2
1659,2022-03-02 03:00:00.000,44421.2,45400,43334.09,43892.98
1660,2022-03-03 03:00:00.000,43892.99,44101.12,41832.28,42454
1661,2022-03-04 03:00:00.000,42454,42527.3,38550,39148.66
1662,2022-03-05 03:00:00.000,39148.65,39613.24,38407.59,39397.96
1663,2022-03-06 03:00:00.000,39397.97,39693.87,38088.57,38420.81
1664,2022-03-07 03:00:00.000,38420.8,39547.57,37155,37988
1665,2022-03-08 03:00:00.000,37988.01,39362.08,37867.65,38730.63
1666,2022-03-09 03:00:00.000,38730.63,42594.06,38656.45,41941.71
1667,2022-03-10 03:00:00.000,41941.7,42039.63,38539.73,39422
1668,2022-03-11 03:00:00.000,39422.01,40236.26,38223.6,38729.57
1669,2022-03-12 03:00:00.000,38729.57,39486.71,38660.52,38807.36
1670,2022-03-13 03:00:00.000,38807.35,39310,37578.51,37777.34
1671,2022-03-14 03:00:00.000,37777.35,39947.12,37555,39671.37
1672,2022-03-15 03:00:00.000,39671.37,39887.61,38098.33,39280.33
1673,2022-03-16 03:00:00.000,39280.33,41718,38828.48,41114
1674,2022-03-17 03:00:00.000,41114.01,41478.82,40500,40917.9
1675,2022-03-18 03:00:00.000,40917.89,42325.02,40135.04,41757.51
1676,2022-03-19 03:00:00.000,41757.51,42400,41499.29,42201.13
1677,2022-03-20 03:00:00.000,42201.13,42296.26,40911,41262.11
1678,2022-03-21 03:00:00.000,41262.11,41544.22,40467.94,41002.25
1679,2022-03-22 03:00:00.000,41002.26,43361,40875.51,42364.13
1680,2022-03-23 03:00:00.000,42364.13,43025.96,41751.47,42882.76
1681,2022-03-24 03:00:00.000,42882.76,44220.89,42560.46,43991.46
1682,2022-03-25 03:00:00.000,43991.46,45094.14,43579,44313.16
1683,2022-03-26 03:00:00.000,44313.16,44792.99,44071.97,44511.27
1684,2022-03-27 03:00:00.000,44511.27,46999,44421.46,46827.76
1685,2022-03-28 03:00:00.000,46827.76,48189.84,46663.56,47122.21
1686,2022-03-29 03:00:00.000,47122.21,48096.47,46950.85,47434.8
1687,2022-03-30 03:00:00.000,47434.79,47700.22,46445.42,47067.99
1688,2022-03-31 03:00:00.000,47067.99,47600,45200,45510.34
1689,2022-04-01 03:00:00.000,45510.35,46720.09,44200,46283.49
1690,2022-04-02 03:00:00.000,46283.49,47213,45620,45811
1691,2022-04-03 03:00:00.000,45810.99,47444.11,45530.92,46407.35
1692,2022-04-04 03:00:00.000,46407.36,46890.71,45118,46580.51
1693,2022-04-05 03:00:00.000,46580.5,47200,45353.81,45497.55
1694,2022-04-06 03:00:00.000,45497.54,45507.14,43121,43170.47
1695,2022-04-07 03:00:00.000,43170.47,43900.99,42727.35,43444.19
1696,2022-04-08 03:00:00.000,43444.2,43970.62,42107.14,42252.01
1697,2022-04-09 03:00:00.000,42252.02,42800,42125.48,42753.97
1698,2022-04-10 03:00:00.000,42753.96,43410.3,41868,42158.85
1699,2022-04-11 03:00:00.000,42158.85,42414.71,39200,39530.45
1700,2022-04-12 03:00:00.000,39530.45,40699,39254.63,40074.94
1701,2022-04-13 03:00:00.000,40074.95,41561.31,39588.54,41147.79
1702,2022-04-14 03:00:00.000,41147.78,41500,39551.94,39942.38
1703,2022-04-15 03:00:00.000,39942.37,40870.36,39766.4,40551.9
1704,2022-04-16 03:00:00.000,40551.9,40709.35,39991.55,40378.71
1705,2022-04-17 03:00:00.000,40378.7,40595.67,39546.17,39678.12
1706,2022-04-18 03:00:00.000,39678.11,41116.73,38536.51,40801.13
1707,2022-04-19 03:00:00.000,40801.13,41760,40571,41493.18
1708,2022-04-20 03:00:00.000,41493.19,42199,40820,41358.19
1709,2022-04-21 03:00:00.000,41358.19,42976,39751,40480.01
1710,2022-04-22 03:00:00.000,40480.01,40795.06,39177,39709.18
1711,2022-04-23 03:00:00.000,39709.19,39980,39285,39441.6
1712,2022-04-24 03:00:00.000,39441.61,39940,38929.62,39450.13
1713,2022-04-25 03:00:00.000,39450.12,40616,38200,40426.08
1714,2022-04-26 03:00:00.000,40426.08,40797.31,37702.26,38112.65
1715,2022-04-27 03:00:00.000,38112.64,39474.72,37881.31,39235.72
1716,2022-04-28 03:00:00.000,39235.72,40372.63,38881.43,39742.07
1717,2022-04-29 03:00:00.000,39742.06,39925.25,38175,38596.11
1718,2022-04-30 03:00:00.000,38596.11,38795.38,37578.2,37630.8
1719,2022-05-01 03:00:00.000,37630.8,38675,37386.38,38468.35
1720,2022-05-02 03:00:00.000,38468.35,39167.34,38052,38525.16
1721,2022-05-03 03:00:00.000,38525.16,38651.51,37517.8,37728.95
1722,2022-05-04 03:00:00.000,37728.95,40023.77,37670,39690
1723,2022-05-05 03:00:00.000,39690,39845.51,35571.9,36552.97
1724,2022-05-06 03:00:00.000,36552.97,36675.63,35258,36013.77
1725,2022-05-07 03:00:00.000,36013.77,36146.3,34785,35472.39
1726,2022-05-08 03:00:00.000,35472.4,35514.22,33713.95,34038.4
1727,2022-05-09 03:00:00.000,34038.39,34243.15,30033.33,30076.31
1728,2022-05-10 03:00:00.000,30074.23,32658.99,29730.4,31017.1
1729,2022-05-11 03:00:00.000,31017.11,32162.59,27785,29103.94
1730,2022-05-12 03:00:00.000,29103.94,30243,26700,29029.75
1731,2022-05-13 03:00:00.000,29029.74,31083.37,28751.67,29287.05
1732,2022-05-14 03:00:00.000,29287.05,30343.27,28630,30086.74
1733,2022-05-15 03:00:00.000,30086.74,31460,29480,31328.89
1734,2022-05-16 03:00:00.000,31328.89,31328.9,29087.04,29874.01
1735,2022-05-17 03:00:00.000,29874.01,30788.37,29450.38,30444.93
1736,2022-05-18 03:00:00.000,30444.93,30709.99,28654.47,28715.32
1737,2022-05-19 03:00:00.000,28715.33,30545.18,28691.38,30319.23
1738,2022-05-20 03:00:00.000,30319.22,30777.33,28730,29201.01
1739,2022-05-21 03:00:00.000,29201.01,29656.18,28947.28,29445.06
1740,2022-05-22 03:00:00.000,29445.07,30487.99,29255.11,30293.94
1741,2022-05-23 03:00:00.000,30293.93,30670.51,28866.35,29109.15
1742,2022-05-24 03:00:00.000,29109.14,29845.86,28669,29654.58
1743,2022-05-25 03:00:00.000,29654.58,30223.74,29294.21,29542.15
1744,2022-05-26 03:00:00.000,29542.14,29886.64,28019.56,29201.35
1745,2022-05-27 03:00:00.000,29201.35,29397.66,28282.9,28629.8
1746,2022-05-28 03:00:00.000,28629.81,29266,28450,29031.33
1747,2022-05-29 03:00:00.000,29031.33,29587.78,28839.21,29468.1
1748,2022-05-30 03:00:00.000,29468.1,32222,29299.62,31734.22
1749,2022-05-31 03:00:00.000,31734.23,32399,31200.01,31801.04
1750,2022-06-01 03:00:00.000,31801.05,31982.97,29301,29805.83
1751,2022-06-02 03:00:00.000,29805.84,30689,29594.55,30452.62
1752,2022-06-03 03:00:00.000,30452.63,30699,29282.36,29700.21
1753,2022-06-04 03:00:00.000,29700.21,29988.88,29485,29864.04
1754,2022-06-05 03:00:00.000,29864.03,30189,29531.42,29919.21
1755,2022-06-06 03:00:00.000,29919.2,31765.64,29890.23,31373.1
1756,2022-06-07 03:00:00.000,31373.1,31589.6,29218.96,31125.33
1757,2022-06-08 03:00:00.000,31125.32,31327.22,29843.88,30204.77
1758,2022-06-09 03:00:00.000,30204.77,30700,29944.1,30109.93
1759,2022-06-10 03:00:00.000,30109.93,30382.8,28850,29091.88
1760,2022-06-11 03:00:00.000,29091.87,29440.41,28099.99,28424.7
1761,2022-06-12 03:00:00.000,28424.71,28544.96,26560,26574.53
1762,2022-06-13 03:00:00.000,26574.53,26895.84,21925.77,22487.41
1763,2022-06-14 03:00:00.000,22485.27,23362.88,20846,22136.41
1764,2022-06-15 03:00:00.000,22136.42,22800,20111.62,22583.72
1765,2022-06-16 03:00:00.000,22583.72,22995.73,20232,20401.31
1766,2022-06-17 03:00:00.000,20400.6,21365.43,20246.66,20468.81
1767,2022-06-18 03:00:00.000,20468.81,20792.06,17622,18970.79
1768,2022-06-19 03:00:00.000,18970.79,20815.95,17960.41,20574
1769,2022-06-20 03:00:00.000,20574,21090,19637.03,20573.89
1770,2022-06-21 03:00:00.000,20573.9,21723,20348.4,20723.52
1771,2022-06-22 03:00:00.000,20723.51,20900,19770.51,19987.99
1772,2022-06-23 03:00:00.000,19988,21233,19890.07,21110.13
1773,2022-06-24 03:00:00.000,21110.12,21558.41,20736.72,21237.69
1774,2022-06-25 03:00:00.000,21237.68,21614.5,20906.62,21491.19
1775,2022-06-26 03:00:00.000,21491.18,21888,20964.73,21038.07
1776,2022-06-27 03:00:00.000,21038.08,21539.85,20510,20742.56
1777,2022-06-28 03:00:00.000,20742.57,21212.1,20202.01,20281.29
1778,2022-06-29 03:00:00.000,20281.28,20432.31,19854.92,20123.01
1779,2022-06-30 03:00:00.000,20123,20179.08,18626,19942.21
1780,2022-07-01 03:00:00.000,19942.21,20918.35,18975,19279.8
1781,2022-07-02 03:00:00.000,19279.8,19467.39,18977.01,19252.81
1782,2022-07-03 03:00:00.000,19252.82,19647.63,18781,19315.83
1783,2022-07-04 03:00:00.000,19315.83,20354.01,19055.31,20236.71
1784,2022-07-05 03:00:00.000,20236.71,20750,19304.4,20175.83
1785,2022-07-06 03:00:00.000,20175.84,20675.22,19761.25,20564.51
1786,2022-07-07 03:00:00.000,20564.51,21838.1,20251.68,21624.98
1787,2022-07-08 03:00:00.000,21624.99,22527.37,21189.26,21594.75
1788,2022-07-09 03:00:00.000,21594.75,21980,21322.12,21591.83
1789,2022-07-10 03:00:00.000,21592.15,21607.65,20655,20862.47
1790,2022-07-11 03:00:00.000,20861.11,20868.48,19875.23,19963.61
1791,2022-07-12 03:00:00.000,19963.61,20059.42,19240,19328.75
1792,2022-07-13 03:00:00.000,19331.28,20366.61,18910.94,20234.87
1793,2022-07-14 03:00:00.000,20234.87,20900,19616.07,20588.84
1794,2022-07-15 03:00:00.000,20588.84,21200,20382.29,20830.04
1795,2022-07-16 03:00:00.000,20830.04,21588.94,20478.61,21195.6
1796,2022-07-17 03:00:00.000,21195.6,21684.54,20750.01,20798.16
1797,2022-07-18 03:00:00.000,20799.58,22777.63,20762.45,22432.58
1798,2022-07-19 03:00:00.000,22432.58,23800,21579.54,23396.62
1799,2022-07-20 03:00:00.000,23398.48,24276.74,22906.19,23223.3
1800,2022-07-21 03:00:00.000,23223.3,23442.77,22341.46,23152.19
1801,2022-07-22 03:00:00.000,23152.19,23756.49,22500,22684.83
1802,2022-07-23 03:00:00.000,22684.83,23000.77,21934.57,22451.07
1803,2022-07-24 03:00:00.000,22448.58,23014.64,22257.15,22579.68
1804,2022-07-25 03:00:00.000,22577.13,22666,21250,21310.9
1805,2022-07-26 03:00:00.000,21310.9,21347.82,20706.5,21254.67
1806,2022-07-27 03:00:00.000,21254.67,23112.63,21042.53,22952.45
1807,2022-07-28 03:00:00.000,22954.31,24199.72,22582.13,23842.93
1808,2022-07-29 03:00:00.000,23845.25,24442.66,23414.03,23773.75
1809,2022-07-30 03:00:00.000,23777.28,24668,23502.25,23643.51
1810,2022-07-31 03:00:00.000,23644.64,24194.82,23227.31,23293.32
1811,2022-08-01 03:00:00.000,23296.36,23509.68,22850,23268.01
1812,2022-08-02 03:00:00.000,23266.9,23459.89,22654.37,22987.79
1813,2022-08-03 03:00:00.000,22985.93,23647.68,22681.22,22818.37
1814,2022-08-04 03:00:00.000,22816.91,23223.32,22400,22622.98
1815,2022-08-05 03:00:00.000,22622.41,23472.86,22586.95,23312.42
1816,2022-08-06 03:00:00.000,23313.56,23354.36,22909.52,22954.21
1817,2022-08-07 03:00:00.000,22954.21,23402,22844.62,23174.39
1818,2022-08-08 03:00:00.000,23174.39,24245,23154.25,23810
1819,2022-08-09 03:00:00.000,23810.98,23933.25,22865,23149.95
1820,2022-08-10 03:00:00.000,23151.32,24226,22664.69,23954.05
1821,2022-08-11 03:00:00.000,23954.05,24918.54,23852.13,23934.39
1822,2022-08-12 03:00:00.000,23933.09,24456.5,23583,24403.68
1823,2022-08-13 03:00:00.000,24401.7,24888,24291.22,24441.38
1824,2022-08-14 03:00:00.000,24443.06,25047.56,24144,24305.24
1825,2022-08-15 03:00:00.000,24305.25,25211.32,23773.22,24094.82
1826,2022-08-16 03:00:00.000,24093.04,24247.49,23671.22,23854.74
1827,2022-08-17 03:00:00.000,23856.15,24446.71,23180.4,23342.66
1828,2022-08-18 03:00:00.000,23342.66,23600,23111.04,23191.2
1829,2022-08-19 03:00:00.000,23191.45,23208.67,20783.57,20834.39
1830,2022-08-20 03:00:00.000,20834.39,21382.85,20761.9,21140.07
1831,2022-08-21 03:00:00.000,21140.07,21800,21069.11,21515.61
1832,2022-08-22 03:00:00.000,21516.7,21548.71,20890.18,21399.83
1833,2022-08-23 03:00:00.000,21400.75,21684.87,20890.14,21529.12
1834,2022-08-24 03:00:00.000,21529.11,21900,21145,21368.08
1835,2022-08-25 03:00:00.000,21368.05,21819.88,21310.15,21559.04
1836,2022-08-26 03:00:00.000,21559.04,21886.77,20107.9,20241.05
1837,2022-08-27 03:00:00.000,20239.14,20402.93,19800,20037.6
1838,2022-08-28 03:00:00.000,20037.6,20171.18,19520,19555.61
1839,2022-08-29 03:00:00.000,19555.61,20433.62,19550.79,20285.73
1840,2022-08-30 03:00:00.000,20287.2,20576.25,19540,19811.66
1841,2022-08-31 03:00:00.000,19813.03,20490,19797.94,20050.02
1842,2022-09-01 03:00:00.000,20048.44,20208.37,19565.66,20131.46
1843,2022-09-02 03:00:00.000,20132.64,20441.26,19755.29,19951.86
1844,2022-09-03 03:00:00.000,19950.98,20055.93,19652.72,19831.9
1845,2022-09-04 03:00:00.000,19832.45,20029.23,19583.1,20000.3
1846,2022-09-05 03:00:00.000,20000.3,20057.27,19633.83,19796.84
1847,2022-09-06 03:00:00.000,19795.34,20180,18649.51,18790.61
1848,2022-09-07 03:00:00.000,18790.61,19464.06,18510.77,19292.84
1849,2022-09-08 03:00:00.000,19292.85,19458.25,19012,19319.77
1850,2022-09-09 03:00:00.000,19320.54,21597.22,19291.75,21360.11
1851,2022-09-10 03:00:00.000,21361.62,21810.8,21111.13,21648.34
1852,2022-09-11 03:00:00.000,21647.21,21860,21350,21826.87
1853,2022-09-12 03:00:00.000,21826.87,22488,21538.51,22395.74
1854,2022-09-13 03:00:00.000,22395.44,22799,19860,20173.57
1855,2022-09-14 03:00:00.000,20173.62,20541.48,19617.62,20226.71
1856,2022-09-15 03:00:00.000,20227.17,20330.24,19497,19701.88
1857,2022-09-16 03:00:00.000,19701.88,19890,19320.01,19803.3
1858,2022-09-17 03:00:00.000,19803.3,20189,19748.08,20113.62
1859,2022-09-18 03:00:00.000,20112.61,20117.26,19335.62,19416.18
1860,2022-09-19 03:00:00.000,19417.45,19686.2,18232.56,19537.02
1861,2022-09-20 03:00:00.000,19537.02,19634.62,18711.87,18875
1862,2022-09-21 03:00:00.000,18874.31,19956,18125.98,18461.36
1863,2022-09-22 03:00:00.000,18461.36,19550.17,18356.39,19401.63
1864,2022-09-23 03:00:00.000,19401.63,19500,18531.42,19289.91
1865,2022-09-24 03:00:00.000,19288.57,19316.14,18805.34,18920.5
1866,2022-09-25 03:00:00.000,18921.99,19180.21,18629.2,18807.38
1867,2022-09-26 03:00:00.000,18809.13,19318.96,18680.72,19227.82
1868,2022-09-27 03:00:00.000,19226.68,20385.86,18816.32,19079.13
1869,2022-09-28 03:00:00.000,19078.1,19790,18471.28,19412.82
1870,2022-09-29 03:00:00.000,19412.82,19645.52,18843.01,19591.51
1871,2022-09-30 03:00:00.000,19590.54,20185,19155.36,19422.61
1872,2022-10-01 03:00:00.000,19422.61,19484,19159.42,19310.95
1873,2022-10-02 03:00:00.000,19312.24,19395.91,18920.35,19056.8
1874,2022-10-03 03:00:00.000,19057.74,19719.1,18959.68,19629.08
1875,2022-10-04 03:00:00.000,19629.08,20475,19490.6,20337.82
1876,2022-10-05 03:00:00.000,20337.82,20365.6,19730,20158.26
1877,2022-10-06 03:00:00.000,20158.26,20456.6,19853,19960.67
1878,2022-10-07 03:00:00.000,19960.67,20068.82,19320,19530.09
1879,2022-10-08 03:00:00.000,19530.09,19627.38,19237.14,19417.96
1880,2022-10-09 03:00:00.000,19416.52,19558,19316.04,19439.02
1881,2022-10-10 03:00:00.000,19439.96,19525,19020.25,19131.87
1882,2022-10-11 03:00:00.000,19131.87,19268.09,18860,19060
1883,2022-10-12 03:00:00.000,19060,19238.31,18965.88,19155.53
1884,2022-10-13 03:00:00.000,19155.1,19513.79,18190,19375.13
1885,2022-10-14 03:00:00.000,19375.58,19951.87,19070.37,19176.93
1886,2022-10-15 03:00:00.000,19176.93,19227.68,18975.18,19069.39
1887,2022-10-16 03:00:00.000,19068.4,19425.84,19063.74,19262.98
1888,2022-10-17 03:00:00.000,19262.98,19676.96,19152.03,19549.86
1889,2022-10-18 03:00:00.000,19548.48,19706.66,19091,19327.44
1890,2022-10-19 03:00:00.000,19327.44,19360.16,19065.97,19123.97
1891,2022-10-20 03:00:00.000,19123.35,19347.82,18900,19041.92
1892,2022-10-21 03:00:00.000,19041.92,19250,18650,19164.37
1893,2022-10-22 03:00:00.000,19164.37,19257,19112.72,19204.35
1894,2022-10-23 03:00:00.000,19204.29,19695,19070.11,19570.4
1895,2022-10-24 03:00:00.000,19570.4,19601.15,19157,19329.72
1896,2022-10-25 03:00:00.000,19330.6,20415.87,19237,20080.07
1897,2022-10-26 03:00:00.000,20079.02,21020,20050.41,20771.59
1898,2022-10-27 03:00:00.000,20771.61,20872.21,20200,20295.11
1899,2022-10-28 03:00:00.000,20295.11,20750,20000.09,20591.84
1900,2022-10-29 03:00:00.000,20591.84,21085,20554.01,20809.67
1901,2022-10-30 03:00:00.000,20809.68,20931.21,20515,20627.48
1902,2022-10-31 03:00:00.000,20627.48,20845.92,20237.95,20490.74
1903,2022-11-01 03:00:00.000,20490.74,20700,20330.74,20483.62
1904,2022-11-02 03:00:00.000,20482.81,20800,20048.04,20151.84
1905,2022-11-03 03:00:00.000,20151.84,20393.32,20031.24,20207.82
1906,2022-11-04 03:00:00.000,20207.12,21302.05,20180.96,21148.52
1907,2022-11-05 03:00:00.000,21148.52,21480.65,21080.65,21299.37
1908,2022-11-06 03:00:00.000,21299.37,21365.27,20886.13,20905.58
1909,2022-11-07 03:00:00.000,20905.58,21069.77,20384.89,20591.13
1910,2022-11-08 03:00:00.000,20590.67,20700.88,17166.83,18547.23
1911,2022-11-09 03:00:00.000,18545.38,18587.76,15588,15922.81
1912,2022-11-10 03:00:00.000,15922.68,18199,15754.26,17601.15
1913,2022-11-11 03:00:00.000,17602.45,17695,16361.6,17070.31
1914,2022-11-12 03:00:00.000,17069.98,17119.1,16631.39,16812.08
1915,2022-11-13 03:00:00.000,16813.16,16954.28,16229,16329.85
1916,2022-11-14 03:00:00.000,16331.78,17190,15815.21,16619.46
1917,2022-11-15 03:00:00.000,16617.72,17134.69,16527.72,16900.57
1918,2022-11-16 03:00:00.000,16900.57,17015.92,16378.61,16662.76
1919,2022-11-17 03:00:00.000,16661.61,16751,16410.74,16692.56
1920,2022-11-18 03:00:00.000,16692.56,17011,16546.04,16700.45
1921,2022-11-19 03:00:00.000,16699.43,16822.41,16553.53,16700.68
1922,2022-11-20 03:00:00.000,16700.68,16753.33,16180,16280.23
1923,2022-11-21 03:00:00.000,16279.5,16319,15476,15781.29
1924,2022-11-22 03:00:00.000,15781.29,16315,15616.63,16226.94
1925,2022-11-23 03:00:00.000,16227.96,16706,16160.2,16603.11
1926,2022-11-24 03:00:00.000,16603.11,16812.63,16458.05,16598.95
1927,2022-11-25 03:00:00.000,16599.55,16666,16342.81,16522.14
1928,2022-11-26 03:00:00.000,16521.35,16701.99,16385,16458.57
1929,2022-11-27 03:00:00.000,16457.61,16600,16401,16428.78
1930,2022-11-28 03:00:00.000,16428.77,16487.04,15995.27,16212.91
1931,2022-11-29 03:00:00.000,16212.18,16548.71,16100,16442.53
1932,2022-11-30 03:00:00.000,16442.91,17249,16428.3,17163.64
1933,2022-12-01 03:00:00.000,17165.53,17324,16855.01,16977.37
1934,2022-12-02 03:00:00.000,16978,17105.73,16787.85,17092.74
1935,2022-12-03 03:00:00.000,17092.13,17188.98,16858.74,16885.2
1936,2022-12-04 03:00:00.000,16885.2,17202.84,16878.25,17105.7
1937,2022-12-05 03:00:00.000,17106.65,17424.25,16867,16966.35
1938,2022-12-06 03:00:00.000,16966.35,17107.01,16906.37,17088.96
1939,2022-12-07 03:00:00.000,17088.96,17142.21,16678.83,16836.64
1940,2022-12-08 03:00:00.000,16836.64,17299,16733.49,17224.1
1941,2022-12-09 03:00:00.000,17224.1,17360,17058.21,17128.56
1942,2022-12-10 03:00:00.000,17128.56,17227.72,17092,17127.49
1943,2022-12-11 03:00:00.000,17127.49,17270.99,17071,17085.05
1944,2022-12-12 03:00:00.000,17085.05,17241.89,16871.85,17209.83
1945,2022-12-13 03:00:00.000,17208.93,18000,17080.14,17774.7
1946,2022-12-14 03:00:00.000,17775.82,18387.95,17660.94,17803.15
1947,2022-12-15 03:00:00.000,17804.01,17854.82,17275.51,17356.34
1948,2022-12-16 03:00:00.000,17356.96,17531.73,16527.32,16632.12
1949,2022-12-17 03:00:00.000,16631.5,16796.82,16579.85,16776.52
1950,2022-12-18 03:00:00.000,16777.54,16863.26,16663.07,16738.21
1951,2022-12-19 03:00:00.000,16739,16815.99,16256.3,16438.88
1952,2022-12-20 03:00:00.000,16438.88,17061.27,16397.2,16895.56
1953,2022-12-21 03:00:00.000,16896.15,16925,16723,16824.67
1954,2022-12-22 03:00:00.000,16824.68,16868.52,16559.85,16821.43
1955,2022-12-23 03:00:00.000,16821.9,16955.14,16731.13,16778.5
1956,2022-12-24 03:00:00.000,16778.52,16869.99,16776.62,16836.12
1957,2022-12-25 03:00:00.000,16835.73,16857.96,16721,16832.11
1958,2022-12-26 03:00:00.000,16832.11,16944.52,16791,16919.39
1959,2022-12-27 03:00:00.000,16919.39,16972.83,16592.37,16706.36
1960,2022-12-28 03:00:00.000,16706.06,16785.19,16465.33,16547.31
1961,2022-12-29 03:00:00.000,16547.32,16664.41,16488.91,16633.47
1962,2022-12-30 03:00:00.000,16633.47,16677.35,16333,16607.48
1963,2022-12-31 03:00:00.000,16607.48,16644.09,16470,16542.4
1964,2023-01-01 03:00:00.000,16541.77,16628,16499.01,16616.75
1965,2023-01-02 03:00:00.000,16617.17,16799.23,16548.7,16672.87
1966,2023-01-03 03:00:00.000,16672.78,16778.4,16605.28,16675.18
1967,2023-01-04 03:00:00.000,16675.65,16991.87,16652.66,16850.36
1968,2023-01-05 03:00:00.000,16850.36,16879.82,16753,16831.85
1969,2023-01-06 03:00:00.000,16831.85,17041,16679,16950.65
1970,2023-01-07 03:00:00.000,16950.31,16981.91,16908,16943.57
1971,2023-01-08 03:00:00.000,16943.83,17176.99,16911,17127.83
1972,2023-01-09 03:00:00.000,17127.83,17398.8,17104.66,17178.26
1973,2023-01-10 03:00:00.000,17179.04,17499,17146.34,17440.66
1974,2023-01-11 03:00:00.000,17440.64,18000,17315.6,17943.26
1975,2023-01-12 03:00:00.000,17943.26,19117.04,17892.05,18846.62
1976,2023-01-13 03:00:00.000,18846.62,20000,18714.12,19930.01
1977,2023-01-14 03:00:00.000,19930.01,21258,19888.05,20954.92
1978,2023-01-15 03:00:00.000,20952.76,21050.74,20551.01,20871.5
1979,2023-01-16 03:00:00.000,20872.99,21474.05,20611.48,21185.65
1980,2023-01-17 03:00:00.000,21185.65,21647.45,20841.31,21134.81
1981,2023-01-18 03:00:00.000,21132.29,21650,20407.15,20677.47
1982,2023-01-19 03:00:00.000,20677.47,21192,20659.19,21071.59
1983,2023-01-20 03:00:00.000,21071.59,22755.93,20861.28,22667.21
1984,2023-01-21 03:00:00.000,22666,23371.8,22422,22783.55
1985,2023-01-22 03:00:00.000,22783.35,23078.71,22292.37,22707.88
1986,2023-01-23 03:00:00.000,22706.02,23180,22500,22916.45
1987,2023-01-24 03:00:00.000,22917.81,23162.2,22462.93,22632.89
1988,2023-01-25 03:00:00.000,22631.94,23816.73,22300,23060.94
1989,2023-01-26 03:00:00.000,23060.42,23282.47,22850.01,23009.65
1990,2023-01-27 03:00:00.000,23009.65,23500,22534.88,23074.16
1991,2023-01-28 03:00:00.000,23074.16,23189,22878.46,23022.6
1992,2023-01-29 03:00:00.000,23021.4,23960.54,22967.76,23742.3
1993,2023-01-30 03:00:00.000,23743.37,23800.51,22500,22826.15
1994,2023-01-31 03:00:00.000,22827.38,23320,22714.77,23125.13
1995,2023-02-01 03:00:00.000,23125.13,23812.66,22760.23,23732.66
1996,2023-02-02 03:00:00.000,23731.41,24255,23363.27,23488.94
1997,2023-02-03 03:00:00.000,23489.33,23715.7,23204.62,23431.9
1998,2023-02-04 03:00:00.000,23431.9,23587.78,23253.96,23326.84
1999,2023-02-05 03:00:00.000,23327.66,23433.33,22743,22932.91
2000,2023-02-06 03:00:00.000,22932.91,23158.25,22628.13,22762.52
2001,2023-02-07 03:00:00.000,22762.52,23350.25,22745.78,23240.46
2002,2023-02-08 03:00:00.000,23242.42,23452,22665.85,22963
2003,2023-02-09 03:00:00.000,22961.85,23011.39,21688,21796.35
2004,2023-02-10 03:00:00.000,21797.83,21938.16,21451,21625.19
2005,2023-02-11 03:00:00.000,21625.19,21906.32,21599.78,21862.55
2006,2023-02-12 03:00:00.000,21862.02,22090,21630,21783.54
2007,2023-02-13 03:00:00.000,21782.37,21894.99,21351.07,21773.97
2008,2023-02-14 03:00:00.000,21774.63,22319.08,21532.77,22199.84
2009,2023-02-15 03:00:00.000,22199.84,24380,22047.28,24324.05
2010,2023-02-16 03:00:00.000,24322.87,25250,23505.25,23517.72
2011,2023-02-17 03:00:00.000,23517.72,25021.11,23339.37,24569.97
2012,2023-02-18 03:00:00.000,24568.24,24877,24430,24631.95
2013,2023-02-19 03:00:00.000,24632.05,25192,24192.57,24271.76
2014,2023-02-20 03:00:00.000,24272.51,25121.23,23840.83,24842.2
2015,2023-02-21 03:00:00.000,24843.89,25250,24148.34,24452.16
2016,2023-02-22 03:00:00.000,24450.67,24476.05,23574.69,24182.21
2017,2023-02-23 03:00:00.000,24182.21,24599.59,23608,23940.2
2018,2023-02-24 03:00:00.000,23940.2,24132.35,22841.19,23185.29
2019,2023-02-25 03:00:00.000,23184.04,23219.13,22722,23157.07
2020,2023-02-26 03:00:00.000,23157.07,23689.99,23059.18,23554.85
2021,2023-02-27 03:00:00.000,23554.85,23897.99,23106.77,23492.09
2022,2023-02-28 03:00:00.000,23492.09,23600,23020.97,23141.57
2023,2023-03-01 03:00:00.000,23141.57,24000,23020.03,23628.97
2024,2023-03-02 03:00:00.000,23629.76,23796.93,23195.9,23465.32
2025,2023-03-03 03:00:00.000,23465.32,23476.95,21971.13,22354.34
2026,2023-03-04 03:00:00.000,22354.34,22410,22157.08,22346.57
2027,2023-03-05 03:00:00.000,22346.57,22662.09,22189.22,22430.24
2028,2023-03-06 03:00:00.000,22430.24,22602.19,22258,22410
2029,2023-03-07 03:00:00.000,22409.41,22557.91,21927,22197.96
2030,2023-03-08 03:00:00.000,22198.56,22287,21580,21705.44
2031,2023-03-09 03:00:00.000,21704.37,21834.99,20042.72,20362.22
2032,2023-03-10 03:00:00.000,20362.21,20367.78,19549.09,20150.69
2033,2023-03-11 03:00:00.000,20150.69,20686.51,19765.03,20455.73
2034,2023-03-12 03:00:00.000,20455.73,22150,20270.6,21997.11
2035,2023-03-13 03:00:00.000,21998.05,24500,21813.88,24113.48
2036,2023-03-14 03:00:00.000,24112.27,26386.87,23976.42,24670.41
2037,2023-03-15 03:00:00.000,24670.41,25196.97,23896.95,24285.66
2038,2023-03-16 03:00:00.000,24285.66,25167.4,24123,24998.78
2039,2023-03-17 03:00:00.000,24998.78,27756.84,24890,27395.13
2040,2023-03-18 03:00:00.000,27395.13,27724.85,26578,26907.49
2041,2023-03-19 03:00:00.000,26907.49,28390.1,26827.22,27972.87
2042,2023-03-20 03:00:00.000,27972.87,28472,27124.47,27717.01
2043,2023-03-21 03:00:00.000,27717.01,28438.55,27303.1,28105.47
2044,2023-03-22 03:00:00.000,28107.81,28868.05,26601.8,27250.97
2045,2023-03-23 03:00:00.000,27250.97,28750,27105,28295.41
2046,2023-03-24 03:00:00.000,28295.42,28374.3,27000,27454.47
2047,2023-03-25 03:00:00.000,27454.46,27787.33,27156.09,27462.95
2048,2023-03-26 03:00:00.000,27462.96,28194.4,27417.76,27968.05
2049,2023-03-27 03:00:00.000,27968.05,28023.86,26508.14,27124.91
2050,2023-03-28 03:00:00.000,27124.9,27520,26631.78,27261.07
2051,2023-03-29 03:00:00.000,27261.06,28650,27240.1,28348.6
2052,2023-03-30 03:00:00.000,28348.6,29184.68,27686,28028.53
2053,2023-03-31 03:00:00.000,28028.53,28656.69,27511.71,28465.36
2054,2023-04-01 03:00:00.000,28465.36,28819.71,28220.27,28452.73
2055,2023-04-02 03:00:00.000,28452.74,28530,27856.43,28171.87
2056,2023-04-03 03:00:00.000,28171.87,28500.99,27200.24,27800
2057,2023-04-04 03:00:00.000,27800,28444.44,27662.79,28165.47
2058,2023-04-05 03:00:00.000,28165.47,28775,27805.1,28170.01
2059,2023-04-06 03:00:00.000,28170.01,28182.05,27711,28033.82
2060,2023-04-07 03:00:00.000,28033.83,28100,27766.94,27906.33
2061,2023-04-08 03:00:00.000,27906.34,28154.99,27859.02,27938.38
2062,2023-04-09 03:00:00.000,27938.38,28530,27800,28323.76
2063,2023-04-10 03:00:00.000,28323.76,29770,28170,29637.34
2064,2023-04-11 03:00:00.000,29637.35,30550,29590,30200.42
2065,2023-04-12 03:00:00.000,30200.43,30486,29637.4,29888.07
2066,2023-04-13 03:00:00.000,29888.07,30595,29854.59,30373.84
2067,2023-04-14 03:00:00.000,30373.84,31000,29966,30466.93
2068,2023-04-15 03:00:00.000,30466.93,30595.6,30202,30295.09
2069,2023-04-16 03:00:00.000,30295.1,30549.99,30120,30304.65
2070,2023-04-17 03:00:00.000,30304.66,30316.06,29240.65,29430.27
2071,2023-04-18 03:00:00.000,29430.27,30485,29096.78,30380.01
2072,2023-04-19 03:00:00.000,30380.01,30413.53,28520,28797.1
2073,2023-04-20 03:00:00.000,28797.1,29088.3,28010,28243.65
2074,2023-04-21 03:00:00.000,28243.65,28374.02,27125,27262.84
2075,2023-04-22 03:00:00.000,27262.84,27882.72,27140.35,27816.85
2076,2023-04-23 03:00:00.000,27816.85,27816.85,27311.25,27590.6
2077,2023-04-24 03:00:00.000,27590.59,28000,26942.82,27510.93
2078,2023-04-25 03:00:00.000,27510.93,28399.99,27192,28300.79
2079,2023-04-26 03:00:00.000,28300.8,30036,27235,28415.29
2080,2023-04-27 03:00:00.000,28415.29,29890,28378.86,29472.77
2081,2023-04-28 03:00:00.000,29472.77,29599.54,28891,29311.7
2082,2023-04-29 03:00:00.000,29311.69,29448.88,29031,29230.45
2083,2023-04-30 03:00:00.000,29230.45,29969.39,29079.59,29233.21
2084,2023-05-01 03:00:00.000,29233.2,29337.34,27666.95,28068.26
2085,2023-05-02 03:00:00.000,28068.26,28879.88,27872,28669.86
2086,2023-05-03 03:00:00.000,28669.85,29266.66,28113.69,29026.16
2087,2023-05-04 03:00:00.000,29026.16,29379.83,28663.64,28838.16
2088,2023-05-05 03:00:00.000,28838.16,29677,28800,29505.61
2089,2023-05-06 03:00:00.000,29505.6,29820,28300,28848.2
2090,2023-05-07 03:00:00.000,28848.19,29138.29,28395.23,28430.1
2091,2023-05-08 03:00:00.000,28430.09,28631.01,27262,27668.79
2092,2023-05-09 03:00:00.000,27668.8,27818,27353,27628.27
2093,2023-05-10 03:00:00.000,27628.28,28331.42,26777,27598.75
2094,2023-05-11 03:00:00.000,27598.74,27630.14,26702.05,26968.62
2095,2023-05-12 03:00:00.000,26968.61,27091.12,25811.46,26795.01
2096,2023-05-13 03:00:00.000,26795.01,27045.45,26692.03,26775.28
2097,2023-05-14 03:00:00.000,26775.27,27200,26560.53,26917.62
2098,2023-05-15 03:00:00.000,26917.61,27663.59,26726,27162.14
2099,2023-05-16 03:00:00.000,27162.15,27296.89,26852.11,27033.84
2100,2023-05-17 03:00:00.000,27033.85,27500,26544.71,27405.61
2101,2023-05-18 03:00:00.000,27405.62,27485.33,26361.2,26821.28
2102,2023-05-19 03:00:00.000,26821.28,27183.6,26630,26880.26
2103,2023-05-20 03:00:00.000,26880.26,27150,26825.11,27102.43
2104,2023-05-21 03:00:00.000,27102.42,27277.55,26666.03,26747.78
2105,2023-05-22 03:00:00.000,26747.78,27099.89,26538.21,26849.27
2106,2023-05-23 03:00:00.000,26849.28,27495.83,26798.11,27219.61
2107,2023-05-24 03:00:00.000,27219.61,27219.61,26080.5,26329.01
2108,2023-05-25 03:00:00.000,26329,26631.98,25871.89,26473.79
2109,2023-05-26 03:00:00.000,26473.8,26932.16,26327.24,26705.92
2110,2023-05-27 03:00:00.000,26705.93,26895,26551,26854.27
2111,2023-05-28 03:00:00.000,26854.28,28261.32,26764.36,28065
2112,2023-05-29 03:00:00.000,28065.01,28447.14,27524.6,27736.4
2113,2023-05-30 03:00:00.000,27736.39,28038.59,27554,27694.4
2114,2023-05-31 03:00:00.000,27694.39,27835.51,26839.01,27210.35
2115,2023-06-01 03:00:00.000,27210.36,27350,26605.05,26817.93
2116,2023-06-02 03:00:00.000,26817.93,27300,26505,27242.59
2117,2023-06-03 03:00:00.000,27242.59,27333.29,26914.93,27069.22
2118,2023-06-04 03:00:00.000,27069.22,27455.02,26951,27115.21
2119,2023-06-05 03:00:00.000,27115.2,27129.33,25388,25728.2
2120,2023-06-06 03:00:00.000,25728.2,27355.33,25351.02,27230.08
2121,2023-06-07 03:00:00.000,27230.07,27391.77,26125.01,26339.34
2122,2023-06-08 03:00:00.000,26339.34,26810,26210,26498.61
2123,2023-06-09 03:00:00.000,26498.62,26783.33,26269.91,26477.81
2124,2023-06-10 03:00:00.000,26477.8,26533.87,25358,25841.21
2125,2023-06-11 03:00:00.000,25841.22,26206.88,25634.7,25925.55
2126,2023-06-12 03:00:00.000,25925.54,26106.48,25602.11,25905.19
2127,2023-06-13 03:00:00.000,25905.2,26433.21,25712.57,25934.25
2128,2023-06-14 03:00:00.000,25934.24,26098,24820.56,25128.6
2129,2023-06-15 03:00:00.000,25128.6,25759.01,24800,25598.49
2130,2023-06-16 03:00:00.000,25598.49,26518,25175.56,26345
2131,2023-06-17 03:00:00.000,26345.01,26839.99,26181,26516.99
2132,2023-06-18 03:00:00.000,26516.99,26700,26255.85,26339.97
2133,2023-06-19 03:00:00.000,26339.98,27068.09,26256.61,26844.35
2134,2023-06-20 03:00:00.000,26844.35,28402.74,26652,28307.99
2135,2023-06-21 03:00:00.000,28308,30800,28257.99,29993.89
2136,2023-06-22 03:00:00.000,29993.89,30500,29525.61,29884.92
2137,2023-06-23 03:00:00.000,29884.92,31431.94,29800,30688.5
2138,2023-06-24 03:00:00.000,30688.51,30800,30250,30527.43
2139,2023-06-25 03:00:00.000,30527.44,31046.01,30277.49,30462.66
2140,2023-06-26 03:00:00.000,30462.67,30666,29930,30267.99
2141,2023-06-27 03:00:00.000,30267.99,30994.97,30226.17,30692.44
2142,2023-06-28 03:00:00.000,30692.44,30709.74,29858.8,30077.41
2143,2023-06-29 03:00:00.000,30077.4,30843.98,30049.98,30447.31
2144,2023-06-30 03:00:00.000,30447.31,31282,29500,30472
2145,2023-07-01 03:00:00.000,30471.99,30661.6,30320.57,30585.9
2146,2023-07-02 03:00:00.000,30585.9,30791,30155,30617.03
2147,2023-07-03 03:00:00.000,30617.02,31380,30570.27,31156.2
2148,2023-07-04 03:00:00.000,31156.2,31350.69,30620,30766.51
2149,2023-07-05 03:00:00.000,30766.52,30878.07,30200,30504.81
2150,2023-07-06 03:00:00.000,30504.8,31500,29850.45,29895.43
2151,2023-07-07 03:00:00.000,29895.42,30449,29701.02,30344.7
2152,2023-07-08 03:00:00.000,30344.7,30386.81,30044.47,30284.63
2153,2023-07-09 03:00:00.000,30284.63,30445.52,30061.12,30160.71
2154,2023-07-10 03:00:00.000,30160.71,31045.78,29950,30411.57
2155,2023-07-11 03:00:00.000,30411.57,30813.63,30300,30622.1
2156,2023-07-12 03:00:00.000,30622.1,30983.25,30210,30380
2157,2023-07-13 03:00:00.000,30380,31804.2,30251,31454.23
2158,2023-07-14 03:00:00.000,31454.23,31630,29900,30312.01
2159,2023-07-15 03:00:00.000,30312,30390.9,30200,30289.52
2160,2023-07-16 03:00:00.000,30289.52,30441.46,30064.29,30231.99
2161,2023-07-17 03:00:00.000,30232,30336.96,29659.2,30138
2162,2023-07-18 03:00:00.000,30138.01,30239.78,29512,29859.13
2163,2023-07-19 03:00:00.000,29859.14,30189.09,29761.96,29909.21
2164,2023-07-20 03:00:00.000,29909.21,30417.46,29570.96,29800
2165,2023-07-21 03:00:00.000,29800,30061.7,29726.34,29901.72
2166,2023-07-22 03:00:00.000,29901.72,29999,29625.1,29794
2167,2023-07-23 03:00:00.000,29793.99,30350,29730,30083.75
2168,2023-07-24 03:00:00.000,30083.75,30099.58,28861.9,29176.5
2169,2023-07-25 03:00:00.000,29176.5,29376,29047.65,29228.91
2170,2023-07-26 03:00:00.000,29228.91,29690,29096.94,29351.96
2171,2023-07-27 03:00:00.000,29351.95,29567.49,29083.85,29222.78
2172,2023-07-28 03:00:00.000,29222.78,29542.22,29123.12,29314.14
2173,2023-07-29 03:00:00.000,29314.14,29406.92,29256.18,29352.9
2174,2023-07-30 03:00:00.000,29352.9,29449,29033.24,29281.09
2175,2023-07-31 03:00:00.000,29281.09,29530,29101.8,29232.25
2176,2023-08-01 03:00:00.000,29232.26,29739.25,28585.7,29705.99
2177,2023-08-02 03:00:00.000,29705.99,30047.5,28927.5,29186.01
2178,2023-08-03 03:00:00.000,29186,29433.33,28968,29193.64
2179,2023-08-04 03:00:00.000,29193.65,29333.08,28807.54,29113.99
2180,2023-08-05 03:00:00.000,29114,29152.23,28978.64,29072.13
2181,2023-08-06 03:00:00.000,29072.13,29205.09,28991.88,29088.42
2182,2023-08-07 03:00:00.000,29088.43,29276.78,28701.03,29211.06
2183,2023-08-08 03:00:00.000,29211.06,30244,29146.45,29770.42
2184,2023-08-09 03:00:00.000,29770.41,30160,29376.67,29581.99
2185,2023-08-10 03:00:00.000,29581.99,29738,29320.2,29455.75
2186,2023-08-11 03:00:00.000,29455.76,29564.52,29252.45,29426.03
2187,2023-08-12 03:00:00.000,29426.02,29481.35,29381.56,29430.17
2188,2023-08-13 03:00:00.000,29430.18,29474.65,29272.32,29303.84
2189,2023-08-14 03:00:00.000,29303.85,29695.32,29102.45,29430.93
2190,2023-08-15 03:00:00.000,29430.92,29499.26,29059.6,29200
2191,2023-08-16 03:00:00.000,29200.01,29259.85,28723.08,28730.51
2192,2023-08-17 03:00:00.000,28730.51,28783.48,25166,26623.41
2193,2023-08-18 03:00:00.000,26623.41,26832.6,25619,26054
2194,2023-08-19 03:00:00.000,26054,26281,25801.09,26100.01
2195,2023-08-20 03:00:00.000,26100.01,26299,25971.05,26189.99
2196,2023-08-21 03:00:00.000,26190,26258.42,25812,26126.92
2197,2023-08-22 03:00:00.000,26126.92,26139.42,25300,26056
2198,2023-08-23 03:00:00.000,26055.99,26819.27,25812.82,26432.72
2199,2023-08-24 03:00:00.000,26432.71,26577.87,25864,26180.05
2200,2023-08-25 03:00:00.000,26180.05,26314.05,25777.15,26060.01
2201,2023-08-26 03:00:00.000,26060,26125.77,25985.92,26017.37
2202,2023-08-27 03:00:00.000,26017.38,26182.23,25966.11,26101.77
2203,2023-08-28 03:00:00.000,26101.78,26253.99,25864.5,26120
2204,2023-08-29 03:00:00.000,26120,28142.85,25922,27716.34
2205,2023-08-30 03:00:00.000,27716.34,27768.57,27017.24,27299.99
2206,2023-08-31 03:00:00.000,27299.99,27587.51,25655.01,25940.78
2207,2023-09-01 03:00:00.000,25940.77,26156,25333.75,25805.05
2208,2023-09-02 03:00:00.000,25805.04,25987.5,25752.47,25869.51
2209,2023-09-03 03:00:00.000,25869.52,26135,25800,25971.21
2210,2023-09-04 03:00:00.000,25971.21,26108.02,25631.21,25826.02
2211,2023-09-05 03:00:00.000,25826.03,25915.49,25562.62,25792.1
2212,2023-09-06 03:00:00.000,25792.11,26040,25372.51,25759.95
2213,2023-09-07 03:00:00.000,25759.95,26443.14,25615.38,26255
2214,2023-09-08 03:00:00.000,26255,26445.5,25647.26,25910.5
2215,2023-09-09 03:00:00.000,25910.5,25945.09,25796.64,25901.61
2216,2023-09-10 03:00:00.000,25901.6,26033.66,25570.57,25841.61
2217,2023-09-11 03:00:00.000,25841.6,25900.69,24901,25162.52
2218,2023-09-12 03:00:00.000,25162.53,26567,25131.48,25840.1
2219,2023-09-13 03:00:00.000,25840.1,26405.22,25764.17,26222
2220,2023-09-14 03:00:00.000,26222,26860.49,26126.77,26522.73
2221,2023-09-15 03:00:00.000,26522.73,26888,26224,26600
2222,2023-09-16 03:00:00.000,26599.99,26777,26445,26559.67
2223,2023-09-17 03:00:00.000,26559.67,26623.25,26399,26527.51
2224,2023-09-18 03:00:00.000,26527.5,27409,26377.35,26762.51
2225,2023-09-19 03:00:00.000,26762.5,27483.57,26667.79,27210.26
2226,2023-09-20 03:00:00.000,27210.25,27388.63,26800,27125
2227,2023-09-21 03:00:00.000,27125.01,27159.6,26377.7,26568.08
2228,2023-09-22 03:00:00.000,26568.08,26743.38,26468.77,26580.14
2229,2023-09-23 03:00:00.000,26580.14,26632.81,26509,26575.96
2230,2023-09-24 03:00:00.000,26575.97,26738.54,26122.08,26248.38
2231,2023-09-25 03:00:00.000,26248.39,26446.15,25990.46,26304.81
2232,2023-09-26 03:00:00.000,26304.8,26397.46,26088.34,26221.67
2233,2023-09-27 03:00:00.000,26221.68,26850,26112.06,26372.99
2234,2023-09-28 03:00:00.000,26373,27308.48,26342.4,27021.39
2235,2023-09-29 03:00:00.000,27021.39,27244.89,26665.16,26906.96
2236,2023-09-30 03:00:00.000,26906.96,27094.99,26886.31,26962.56
2237,2023-10-01 03:00:00.000,26962.57,28065.51,26954.09,27992.57
2238,2023-10-02 03:00:00.000,27992.58,28580,27281.44,27494.51
2239,2023-10-03 03:00:00.000,27494.51,27676.52,27160.5,27426.46
2240,2023-10-04 03:00:00.000,27426.45,27839.72,27202,27778.57
2241,2023-10-05 03:00:00.000,27778.57,28120.39,27352,27410.39
2242,2023-10-06 03:00:00.000,27410.39,28295,27175.94,27931.09
2243,2023-10-07 03:00:00.000,27931.1,28029.67,27842.08,27956.67
2244,2023-10-08 03:00:00.000,27956.67,28095.14,27687.5,27917.05
2245,2023-10-09 03:00:00.000,27917.06,27987.93,27260,27590.12
2246,2023-10-10 03:00:00.000,27590.12,27735,27298,27390.12
2247,2023-10-11 03:00:00.000,27390.12,27477.39,26538.66,26875.52
2248,2023-10-12 03:00:00.000,26875.52,26947.04,26555,26759.63
2249,2023-10-13 03:00:00.000,26759.63,27130,26685,26862
2250,2023-10-14 03:00:00.000,26862,26989.58,26789,26852.48
2251,2023-10-15 03:00:00.000,26852.48,27293.33,26808.25,27154.15
2252,2023-10-16 03:00:00.000,27154.14,30000,27112.66,28500.78
2253,2023-10-17 03:00:00.000,28500.77,28613.65,28069.32,28395.91
2254,2023-10-18 03:00:00.000,28395.91,28982.36,28142.87,28320
2255,2023-10-19 03:00:00.000,28320,28916.89,28100.66,28713.71
2256,2023-10-20 03:00:00.000,28713.71,30207.55,28578.29,29669.04
2257,2023-10-21 03:00:00.000,29669.05,30379.99,29464.77,29909.8
2258,2023-10-22 03:00:00.000,29909.8,30248,29640,29992.46
2259,2023-10-23 03:00:00.000,29992.46,34741.91,29883.6,33069.99
2260,2023-10-24 03:00:00.000,33069.99,35280,32832.34,33922.73
2261,2023-10-25 03:00:00.000,33922.73,35132.85,33679.05,34496.05
2262,2023-10-26 03:00:00.000,34496.05,34824.13,33751,34151.66
2263,2023-10-27 03:00:00.000,34151.66,34245,33390.95,33892.02
2264,2023-10-28 03:00:00.000,33892.01,34493.33,33860,34081
2265,2023-10-29 03:00:00.000,34081.01,34750.11,33930,34525.89
2266,2023-10-30 03:00:00.000,34525.88,34856,34062.84,34474.73
2267,2023-10-31 03:00:00.000,34474.74,34720.49,34025,34639.77
2268,2023-11-01 03:00:00.000,34639.78,35582,34097.39,35421.43
2269,2023-11-02 03:00:00.000,35421.43,35984.99,34300,34941.59
2270,2023-11-03 03:00:00.000,34941.58,34946.5,34120,34716.78
2271,2023-11-04 03:00:00.000,34716.78,35255,34585.18,35062.07
2272,2023-11-05 03:00:00.000,35062.06,35380,34448,35011.88
2273,2023-11-06 03:00:00.000,35011.89,35276.33,34725.9,35046.09
2274,2023-11-07 03:00:00.000,35046.09,35888,34523.06,35399.12
2275,2023-11-08 03:00:00.000,35399.13,36106,35100,35624.72
2276,2023-11-09 03:00:00.000,35624.72,37972.24,35534.05,36701.09
2277,2023-11-10 03:00:00.000,36701.1,37526,36324.71,37301.63
2278,2023-11-11 03:00:00.000,37301.63,37408.26,36666.93,37130
2279,2023-11-12 03:00:00.000,37129.99,37222.22,36731.1,37064.13
2280,2023-11-13 03:00:00.000,37064.13,37417.99,36333,36462.93
2281,2023-11-14 03:00:00.000,36462.93,36744,34800,35551.19
2282,2023-11-15 03:00:00.000,35551.2,37980,35360,37858.2
2283,2023-11-16 03:00:00.000,37858.2,37929.54,35500,36163.51
2284,2023-11-17 03:00:00.000,36163.51,36800,35861.1,36613.92
2285,2023-11-18 03:00:00.000,36613.91,36845.49,36178.58,36568.1
2286,2023-11-19 03:00:00.000,36568.11,37500,36384.02,37359.86
2287,2023-11-20 03:00:00.000,37359.85,37750,36677,37448.78
2288,2023-11-21 03:00:00.000,37448.79,37649.44,35735,35741.65
2289,2023-11-22 03:00:00.000,35741.65,37861.1,35632.01,37408.34
2290,2023-11-23 03:00:00.000,37408.35,37653.44,36870,37294.28
2291,2023-11-24 03:00:00.000,37294.27,38414,37251.51,37713.57
2292,2023-11-25 03:00:00.000,37713.57,37888,37591.1,37780.67
2293,2023-11-26 03:00:00.000,37780.67,37814.63,37150,37447.43
2294,2023-11-27 03:00:00.000,37447.42,37569.23,36707,37242.7
2295,2023-11-28 03:00:00.000,37242.7,38377,36868.41,37818.87
2296,2023-11-29 03:00:00.000,37818.88,38450,37570,37854.64
2297,2023-11-30 03:00:00.000,37854.65,38145.85,37500,37723.96
2298,2023-12-01 03:00:00.000,37723.97,38999,37615.86,38682.52
2299,2023-12-02 03:00:00.000,38682.51,39717.14,38641.61,39450.35
2300,2023-12-03 03:00:00.000,39450.35,40250,39274.86,39972.26
2301,2023-12-04 03:00:00.000,39972.26,42420,39972.26,41991.1
2302,2023-12-05 03:00:00.000,41991.1,44488,41414,44073.32
2303,2023-12-06 03:00:00.000,44073.82,44297.21,43335.28,43762.69
2304,2023-12-07 03:00:00.000,43762.69,44047.33,42821.1,43273.14
2305,2023-12-08 03:00:00.000,43273.15,44700,43081.1,44170.99
2306,2023-12-09 03:00:00.000,44171,44358.02,43584.51,43713.6
2307,2023-12-10 03:00:00.000,43713.59,44049,43563,43789.51
2308,2023-12-11 03:00:00.000,43789.5,43804.5,40222,41253.4
2309,2023-12-12 03:00:00.000,41253.41,42104.12,40680,41492.39
2310,2023-12-13 03:00:00.000,41492.38,43475.2,40555,42869.03
2311,2023-12-14 03:00:00.000,42869.03,43420,41400,43022.26
2312,2023-12-15 03:00:00.000,43022.26,43080.81,41666,41940.3
2313,2023-12-16 03:00:00.000,41940.29,42724.43,41605,42278.03
2314,2023-12-17 03:00:00.000,42278.02,42424.07,41252,41374.65
2315,2023-12-18 03:00:00.000,41374.64,42757.81,40542.93,42657.8
2316,2023-12-19 03:00:00.000,42657.8,43497,41811.1,42275.99
2317,2023-12-20 03:00:00.000,42275.99,44283,42206,43668.93
2318,2023-12-21 03:00:00.000,43668.92,44242.35,43286.72,43861.8
2319,2023-12-22 03:00:00.000,43861.79,44398.26,43412.54,43969.04
2320,2023-12-23 03:00:00.000,43969.04,43988.68,43291.1,43702.16
2321,2023-12-24 03:00:00.000,43702.15,43946,42500,42991.5
2322,2023-12-25 03:00:00.000,42991.5,43802.32,42720.43,43576.13
2323,2023-12-26 03:00:00.000,43576.12,43592.68,41637.6,42508.93
2324,2023-12-27 03:00:00.000,42508.93,43677,42098.69,43428.85
2325,2023-12-28 03:00:00.000,43428.86,43787.57,42241.79,42563.76
2326,2023-12-29 03:00:00.000,42563.76,43111,41300,42066.95
2327,2023-12-30 03:00:00.000,42066.94,42612.32,41520.3,42140.28
2328,2023-12-31 03:00:00.000,42140.29,42899,41965.84,42283.58
2329,2024-01-01 03:00:00.000,42283.58,44184.1,42180.77,44179.55
2330,2024-01-02 03:00:00.000,44179.55,45879.63,44148.34,44946.91
2331,2024-01-03 03:00:00.000,44946.91,45500,40750,42845.23
2332,2024-01-04 03:00:00.000,42845.23,44729.58,42613.77,44151.1
2333,2024-01-05 03:00:00.000,44151.1,44357.46,42450,44145.11
2334,2024-01-06 03:00:00.000,44145.12,44214.42,43397.05,43968.32
2335,2024-01-07 03:00:00.000,43968.32,44480.59,43572.09,43929.02
2336,2024-01-08 03:00:00.000,43929.01,47248.99,43175,46951.04
2337,2024-01-09 03:00:00.000,46951.04,47972,44748.67,46110
2338,2024-01-10 03:00:00.000,46110,47695.93,44300.36,46653.99
2339,2024-01-11 03:00:00.000,46654,48969.48,45606.06,46339.16
2340,2024-01-12 03:00:00.000,46339.16,46515.53,41500,42782.73
2341,2024-01-13 03:00:00.000,42782.74,43257,42436.12,42847.99
2342,2024-01-14 03:00:00.000,42847.99,43079,41720,41732.35
2343,2024-01-15 03:00:00.000,41732.35,43400.43,41718.05,42511.1
2344,2024-01-16 03:00:00.000,42511.1,43578.01,42050,43137.95
2345,2024-01-17 03:00:00.000,43137.94,43198,42200.69,42776.1
2346,2024-01-18 03:00:00.000,42776.09,42930,40683.28,41327.5
2347,2024-01-19 03:00:00.000,41327.51,42196.86,40280,41659.03
2348,2024-01-20 03:00:00.000,41659.03,41872.56,41456.3,41696.04
2349,2024-01-21 03:00:00.000,41696.05,41881.39,41500.98,41580.33
2350,2024-01-22 03:00:00.000,41580.32,41689.65,39431.58,39568.02
2351,2024-01-23 03:00:00.000,39568.02,40176.74,38555,39897.6
2352,2024-01-24 03:00:00.000,39897.59,40555,39484.19,40084.88
2353,2024-01-25 03:00:00.000,40084.89,40300.24,39550,39961.09
2354,2024-01-26 03:00:00.000,39961.09,42246.82,39822.52,41823.51
2355,2024-01-27 03:00:00.000,41823.51,42200,41394.34,42120.63
2356,2024-01-28 03:00:00.000,42120.63,42842.68,41620.81,42031.06
2357,2024-01-29 03:00:00.000,42031.05,43333,41804.88,43302.7
2358,2024-01-30 03:00:00.000,43302.71,43882.36,42683.99,42941.1
2359,2024-01-31 03:00:00.000,42941.1,43745.11,42276.84,42580
2360,2024-02-01 03:00:00.000,42580,43285.13,41884.28,43082.94
2361,2024-02-02 03:00:00.000,43082.95,43488,42546.79,43200
2362,2024-02-03 03:00:00.000,43199.99,43380.01,42880,43011.09
2363,2024-02-04 03:00:00.000,43011.1,43119.04,42222,42582.88
2364,2024-02-05 03:00:00.000,42582.88,43569.76,42258.1,42708.7
2365,2024-02-06 03:00:00.000,42708.7,43399.98,42574,43098.95
2366,2024-02-07 03:00:00.000,43098.96,44396.5,42788,44349.6
2367,2024-02-08 03:00:00.000,44349.6,45614.3,44331.1,45288.65
2368,2024-02-09 03:00:00.000,45288.66,48200,45242.12,47132.77
2369,2024-02-10 03:00:00.000,47132.78,48170,46800,47751.09
2370,2024-02-11 03:00:00.000,47751.08,48592.66,47557.16,48299.99
2371,2024-02-12 03:00:00.000,48300,50334.82,47710.01,49917.27
2372,2024-02-13 03:00:00.000,49917.28,50368.61,48300.95,49699.59
2373,2024-02-14 03:00:00.000,49699.6,52043.71,49225.01,51795.17
2374,2024-02-15 03:00:00.000,51795.17,52816.62,51314,51880
2375,2024-02-16 03:00:00.000,51880.01,52572.08,51566,52124.11
2376,2024-02-17 03:00:00.000,52124.1,52162.82,50625,51642.64
2377,2024-02-18 03:00:00.000,51642.64,52377,51163.28,52137.67
2378,2024-02-19 03:00:00.000,52137.68,52488.77,51677,51774.73
2379,2024-02-20 03:00:00.000,51774.74,52985,50760.37,52258.82
2380,2024-02-21 03:00:00.000,52258.82,52366.8,50625,51849.39
2381,2024-02-22 03:00:00.000,51849.38,52065.78,50940.78,51288.42
2382,2024-02-23 03:00:00.000,51288.42,51548.54,50521,50744.15
2383,2024-02-24 03:00:00.000,50744.15,51698,50585,51568.22
2384,2024-02-25 03:00:00.000,51568.21,51958.55,51279.8,51728.85
2385,2024-02-26 03:00:00.000,51728.85,54910,50901.44,54476.47
2386,2024-02-27 03:00:00.000,54476.48,57588.15,54450.13,57037.34
2387,2024-02-28 03:00:00.000,57037.35,64000,56691.85,62432.1
2388,2024-02-29 03:00:00.000,62432.11,63676.35,60364.7,61130.98
2389,2024-03-01 03:00:00.000,61130.99,63114.23,60777,62387.9
2390,2024-03-02 03:00:00.000,62387.9,62433.19,61561.12,61987.28
2391,2024-03-03 03:00:00.000,61987.28,63231.88,61320,63113.97
2392,2024-03-04 03:00:00.000,63113.97,68499,62300,68245.71
2393,2024-03-05 03:00:00.000,68245.71,69000,59005,63724.01
2394,2024-03-06 03:00:00.000,63724.01,67641.1,62779.14,66074.04
2395,2024-03-07 03:00:00.000,66074.04,67980,65551,66823.17
2396,2024-03-08 03:00:00.000,66823.18,69990,66082.66,68124.19
2397,2024-03-09 03:00:00.000,68124.2,68541.1,67861.1,68313.27
2398,2024-03-10 03:00:00.000,68313.28,69887.61,68094.75,68955.88
2399,2024-03-11 03:00:00.000,68955.88,72800,67024.96,72078.1
2400,2024-03-12 03:00:00.000,72078.1,73000,68620.82,71452.01
2401,2024-03-13 03:00:00.000,71452,73650.25,71333.31,73072.41
2402,2024-03-14 03:00:00.000,73072.4,73777,68555,71388.94
2403,2024-03-15 03:00:00.000,71388.94,72419.71,65600,69499.85
2404,2024-03-16 03:00:00.000,69499.84,70043,64780,65300.63
2405,2024-03-17 03:00:00.000,65300.64,68904.4,64533,68393.48
2406,2024-03-18 03:00:00.000,68393.47,68956,66565.2,67609.99
2407,2024-03-19 03:00:00.000,67610,68124.11,61555,61937.4
2408,2024-03-20 03:00:00.000,61937.41,68100,60775,67840.51
2409,2024-03-21 03:00:00.000,67840.51,68240.47,64529.01,65501.27
2410,2024-03-22 03:00:00.000,65501.28,66649.62,62260,63796.64
2411,2024-03-23 03:00:00.000,63796.64,65999,63000,63990.01
2412,2024-03-24 03:00:00.000,63990.02,67628.69,63772.29,67209.99
2413,2024-03-25 03:00:00.000,67210,71150,66385.06,69880.01
2414,2024-03-26 03:00:00.000,69880,71561.1,69280,69988
2415,2024-03-27 03:00:00.000,69987.99,71769.54,68359.18,69469.99
2416,2024-03-28 03:00:00.000,69469.99,71552.06,68903.62,70780.6
2417,2024-03-29 03:00:00.000,70780.6,70916.16,69009,69850.54
2418,2024-03-30 03:00:00.000,69850.53,70321.1,69540,69582.18
2419,2024-03-31 03:00:00.000,69582.17,71366,69562.99,71280.01
2420,2024-04-01 03:00:00.000,71280,71288.23,68062.86,69649.8
2421,2024-04-02 03:00:00.000,69649.81,69674.23,64550,65463.99
2422,2024-04-03 03:00:00.000,65463.99,66903.63,64493.07,65963.28
2423,2024-04-04 03:00:00.000,65963.27,69309.91,65064.52,68487.79
2424,2024-04-05 03:00:00.000,68487.8,68756.67,65952.56,67820.62
2425,2024-04-06 03:00:00.000,67820.63,69692,67447.83,68896
2426,2024-04-07 03:00:00.000,68896,70326.29,68824,69360.39
2427,2024-04-08 03:00:00.000,69360.38,72797.99,69043.24,71620
2428,2024-04-09 03:00:00.000,71620,71758.19,68210,69146
2429,2024-04-10 03:00:00.000,69146,71172.08,67518,70631.08
2430,2024-04-11 03:00:00.000,70631.08,71305.89,69567.21,70006.23
2431,2024-04-12 03:00:00.000,70006.22,71227.46,65086.86,67116.52
2432,2024-04-13 03:00:00.000,67116.52,67929,60660.57,63924.51
2433,2024-04-14 03:00:00.000,63924.52,65840,62134,65661.84
2434,2024-04-15 03:00:00.000,65661.85,66867.07,62274.4,63419.99
2435,2024-04-16 03:00:00.000,63419.99,64365,61600,63793.39
2436,2024-04-17 03:00:00.000,63793.4,64499,59678.16,61277.37
2437,2024-04-18 03:00:00.000,61277.38,64117.09,60803.35,63470.08
2438,2024-04-19 03:00:00.000,63470.09,65450,59600.01,63818.01
2439,2024-04-20 03:00:00.000,63818.01,65419,63090.07,64940.59
2440,2024-04-21 03:00:00.000,64940.58,65695.56,64237.5,64941.15
2441,2024-04-22 03:00:00.000,64941.15,67232.35,64500,66819.32
2442,2024-04-23 03:00:00.000,66819.32,67183.01,65765.81,66414
2443,2024-04-24 03:00:00.000,66414,67070.43,63606.06,64289.59
2444,2024-04-25 03:00:00.000,64289.58,65297.94,62794,64498.34
2445,2024-04-26 03:00:00.000,64498.33,64820.01,63297.48,63770.01
2446,2024-04-27 03:00:00.000,63770,63923.41,62391.24,63461.98
2447,2024-04-28 03:00:00.000,63461.98,64370,62781,63118.62
2448,2024-04-29 03:00:00.000,63118.62,64228.35,61765.53,63866
2449,2024-04-30 03:00:00.000,63866,64734,59191.6,60672
2450,2024-05-01 03:00:00.000,60672.01,60841.63,56552.82,58364.97
2451,2024-05-02 03:00:00.000,58364.97,59625,56911.84,59060.61
2452,2024-05-03 03:00:00.000,59060.6,63333,58811.32,62882.01
2453,2024-05-04 03:00:00.000,62882.01,64540,62541.03,63892.04
2454,2024-05-05 03:00:00.000,63892.03,64646,62822.17,64012
2455,2024-05-06 03:00:00.000,64012,65500,62700,63165.19
2456,2024-05-07 03:00:00.000,63165.18,64422.41,62261,62312.08
2457,2024-05-08 03:00:00.000,62312.07,63020.22,60888,61193.03
2458,2024-05-09 03:00:00.000,61193.03,63429.03,60630,63074.01
2459,2024-05-10 03:00:00.000,63074,63469.13,60187.12,60799.99
2460,2024-05-11 03:00:00.000,60799.99,61515,60487.09,60825.99
2461,2024-05-12 03:00:00.000,60825.99,61888,60610,61483.99
2462,2024-05-13 03:00:00.000,61484,63450,60749.21,62940.08
2463,2024-05-14 03:00:00.000,62940.09,63118.36,61142.77,61577.49
2464,2024-05-15 03:00:00.000,61577.49,66444.16,61319.47,66206.5
2465,2024-05-16 03:00:00.000,66206.51,66752.01,64602.77,65235.21
2466,2024-05-17 03:00:00.000,65235.21,67451.2,65106.38,67024
2467,2024-05-18 03:00:00.000,67024,67400.01,66600,66915.2
2468,2024-05-19 03:00:00.000,66915.2,67700,65857.25,66274.01
2469,2024-05-20 03:00:00.000,66274,71515.56,66060.31,71446.62
2470,2024-05-21 03:00:00.000,71446.62,71979,69162.94,70148.34
2471,2024-05-22 03:00:00.000,70148.34,70666,68842.19,69166.62
2472,2024-05-23 03:00:00.000,69166.62,70096.12,66312.16,67969.65
2473,2024-05-24 03:00:00.000,67969.66,69250,66600.12,68549.99
2474,2024-05-25 03:00:00.000,68549.99,69610,68500,69290.57
2475,2024-05-26 03:00:00.000,69290.56,69562.23,68128.01,68507.67
2476,2024-05-27 03:00:00.000,68507.67,70687.56,68250,69436.43
2477,2024-05-28 03:00:00.000,69436.43,69591.81,67277.91,68398.39
2478,2024-05-29 03:00:00.000,68398.4,68935.68,67124.65,67652.42
2479,2024-05-30 03:00:00.000,67652.41,69500,67128,68352.17
2480,2024-05-31 03:00:00.000,68352.17,69044.1,66670,67540.01
2481,2024-06-01 03:00:00.000,67540.01,67900,67428.44,67766.85
2482,2024-06-02 03:00:00.000,67766.84,68460,67257.47,67765.63
2483,2024-06-03 03:00:00.000,67765.62,70288,67612.48,68809.9
2484,2024-06-04 03:00:00.000,68809.89,71063.45,68567.32,70537.84
2485,2024-06-05 03:00:00.000,70537.83,71758,70383.66,71108
2486,2024-06-06 03:00:00.000,71108,71700,70117.64,70799.06
2487,2024-06-07 03:00:00.000,70799.06,71997.02,68420,69355.6
2488,2024-06-08 03:00:00.000,69355.6,69582.2,69168.02,69310.46
2489,2024-06-09 03:00:00.000,69310.46,69857.14,69130.24,69648.14
2490,2024-06-10 03:00:00.000,69648.15,70195.94,69172.29,69540
2491,2024-06-11 03:00:00.000,69540,69590.01,66051,67314.24
2492,2024-06-12 03:00:00.000,67314.23,69999,66905,68263.99
2493,2024-06-13 03:00:00.000,68263.98,68449.3,66251.78,66773.01
2494,2024-06-14 03:00:00.000,66773.01,67370.24,65078,66043.99
2495,2024-06-15 03:00:00.000,66043.99,66478.48,65857.1,66228.25
2496,2024-06-16 03:00:00.000,66228.25,66998.7,66034.5,66676.87
2497,2024-06-17 03:00:00.000,66676.86,67298.81,65130,66504.33
2498,2024-06-18 03:00:00.000,66504.33,66588.23,64060,65175.32
2499,2024-06-19 03:00:00.000,65175.32,65727.54,64666,64974.37
2500,2024-06-20 03:00:00.000,64974.37,66482.94,64559.15,64869.99
2501,2024-06-21 03:00:00.000,64869.99,65066.66,63379.35,64143.56
2502,2024-06-22 03:00:00.000,64143.56,64546.81,63943.82,64262.01
2503,2024-06-23 03:00:00.000,64262.01,64521,63178.32,63210.01
2504,2024-06-24 03:00:00.000,63210.01,63369.8,58402,60293.3
2505,2024-06-25 03:00:00.000,60293.3,62420,60257.06,61806.01
2506,2024-06-26 03:00:00.000,61806.01,62487.81,60712,60864.99
2507,2024-06-27 03:00:00.000,60864.98,62389.22,60606.63,61706.47
2508,2024-06-28 03:00:00.000,61706.46,62225.31,60063,60427.84
2509,2024-06-29 03:00:00.000,60427.84,61224,60383.77,60986.68
2510,2024-06-30 03:00:00.000,60986.68,63058.76,60712.21,62772.01
2511,2024-07-01 03:00:00.000,62772.01,63861.76,62497.2,62899.99
2512,2024-07-02 03:00:00.000,62900,63288.83,61806.28,62135.47
2513,2024-07-03 03:00:00.000,62135.46,62285.94,59400,60208.58
2514,2024-07-04 03:00:00.000,60208.57,60498.19,56771,57050.01
2515,2024-07-05 03:00:00.000,57050.02,57546,53485.93,56628.79
2516,2024-07-06 03:00:00.000,56628.79,58475,56018,58230.13
2517,2024-07-07 03:00:00.000,58230.13,58449.46,55724.37,55857.81
2518,2024-07-08 03:00:00.000,55857.81,58236.73,54260.16,56714.62
2519,2024-07-09 03:00:00.000,56714.61,58296,56289.45,58050
2520,2024-07-10 03:00:00.000,58050,59470,57157.79,57725.85
2521,2024-07-11 03:00:00.000,57725.85,59650,57050,57339.89
2522,2024-07-12 03:00:00.000,57339.89,58526.68,56542.47,57889.1
2523,2024-07-13 03:00:00.000,57889.09,59850,57756.63,59204.02
2524,2024-07-14 03:00:00.000,59204.01,61420.69,59194.01,60797.91
2525,2024-07-15 03:00:00.000,60797.91,64900,60632.3,64724.14
2526,2024-07-16 03:00:00.000,64724.06,65388.97,62373.24,65043.99
2527,2024-07-17 03:00:00.000,65044,66128.63,63854,64087.99
2528,2024-07-18 03:00:00.000,64087.99,65133.3,63238.48,63987.92
2529,2024-07-19 03:00:00.000,63987.92,67386,63300.67,66660
2530,2024-07-20 03:00:00.000,66660.01,67598,66222.46,67139.96
2531,2024-07-21 03:00:00.000,67139.97,68366.66,65777,68165.34
2532,2024-07-22 03:00:00.000,68165.35,68474.55,66559.97,67532.01
2533,2024-07-23 03:00:00.000,67532,67750.98,65441.08,65936.01
2534,2024-07-24 03:00:00.000,65936,67102.01,65111,65376
2535,2024-07-25 03:00:00.000,65376.01,66175.49,63456.7,65799.95
2536,2024-07-26 03:00:00.000,65799.95,68200,65722.63,67907.99
2537,2024-07-27 03:00:00.000,67908,69399.99,66650,67896.5
2538,2024-07-28 03:00:00.000,67896.49,68318.43,67066.66,68249.88
2539,2024-07-29 03:00:00.000,68249.88,70079.99,66428,66784.69
2540,2024-07-30 03:00:00.000,66784.68,67000,65302.67,66188
2541,2024-07-31 03:00:00.000,66188,66849.24,64530,64628
2542,2024-08-01 03:00:00.000,64628.01,65659.78,62302,65354.02
2543,2024-08-02 03:00:00.000,65354.02,65596.14,61230.01,61498.33
2544,2024-08-03 03:00:00.000,61498.34,62198.22,59850,60697.99
2545,2024-08-04 03:00:00.000,60697.99,61117.63,57122.77,58161
2546,2024-08-05 03:00:00.000,58161,58305.59,49000,54018.81
2547,2024-08-06 03:00:00.000,54018.82,57040.99,53950,56022.01
2548,2024-08-07 03:00:00.000,56022,57736.05,54558.62,55134.16
2549,2024-08-08 03:00:00.000,55133.76,62745.14,54730,61685.99
2550,2024-08-09 03:00:00.000,61686,61744.37,59535,60837.99
2551,2024-08-10 03:00:00.000,60837.99,61470.58,60242,60923.51
2552,2024-08-11 03:00:00.000,60923.51,61858,58286.73,58712.59
2553,2024-08-12 03:00:00.000,58712.59,60711.09,57642.21,59346.64
2554,2025-06-20 03:47:00.000,104759.99,104764.71,104752,104752
2555,2025-06-20 03:49:00.000,104748.01,104748.01,104724.41,104724.41
2957,2024-08-13 03:00:00.000,59346.64,61578.1,58392.88,60587.15
2958,2024-08-14 03:00:00.000,60587.16,61800,58433.18,58683.39
2959,2024-08-15 03:00:00.000,58683.39,59849.38,56078.54,57541.06
2960,2024-08-16 03:00:00.000,57541.05,59817.76,57098.62,58874.6
2961,2024-08-17 03:00:00.000,58874.59,59700,58785.05,59491.99
2962,2024-08-18 03:00:00.000,59491.99,60284.99,58408.92,58427.35
2963,2024-08-19 03:00:00.000,58427.35,59617.63,57787.3,59438.5
2964,2024-08-20 03:00:00.000,59438.5,61400,58548.23,59013.8
2965,2024-08-21 03:00:00.000,59013.8,61820.93,58783.47,61156.03
2966,2024-08-22 03:00:00.000,61156.03,61400,59724.87,60375.84
2967,2024-08-23 03:00:00.000,60375.83,64955,60342.14,64037.24
2968,2024-08-24 03:00:00.000,64037.24,64494.5,63531,64157.01
2969,2024-08-25 03:00:00.000,64157.02,65000,63773.27,64220
2970,2024-08-26 03:00:00.000,64219.99,64481,62800,62834
2971,2024-08-27 03:00:00.000,62834,63212,58034.01,59415
2972,2024-08-28 03:00:00.000,59415,60234.98,57860,59034.9
2973,2024-08-29 03:00:00.000,59034.9,61166.99,58713.09,59359.01
2974,2024-08-30 03:00:00.000,59359,59944.07,57701.1,59123.99
2975,2024-08-31 03:00:00.000,59123.99,59462.38,58744,58973.99
2976,2024-09-01 03:00:00.000,58974,59076.59,57201,57301.86
2977,2024-09-02 03:00:00.000,57301.77,59425.69,57128,59132.13
2978,2024-09-03 03:00:00.000,59132.12,59809.65,57415,57487.73
2979,2024-09-04 03:00:00.000,57487.74,58519,55606,57970.9
2980,2024-09-05 03:00:00.000,57970.9,58327.07,55643.65,56180
2981,2024-09-06 03:00:00.000,56180,57008,52550,53962.97
2982,2024-09-07 03:00:00.000,53962.97,54850,53745.54,54160.86
2983,2024-09-08 03:00:00.000,54160.86,55318,53629.01,54869.95
2984,2024-09-09 03:00:00.000,54869.95,58088,54591.96,57042
2985,2024-09-10 03:00:00.000,57042.01,58044.36,56386.4,57635.99
2986,2024-09-11 03:00:00.000,57635.99,57981.71,55545.19,57338
2987,2024-09-12 03:00:00.000,57338,58588,57324,58132.32
2988,2024-09-13 03:00:00.000,58132.31,60625,57632.62,60498
2989,2024-09-14 03:00:00.000,60497.99,60610.45,59400,59993.03
2990,2024-09-15 03:00:00.000,59993.02,60395.8,58691.05,59132
2991,2024-09-16 03:00:00.000,59132,59210.7,57493.3,58213.99
2992,2024-09-17 03:00:00.000,58213.99,61320,57610.01,60313.99
2993,2024-09-18 03:00:00.000,60313.99,61786.24,59174.8,61759.99
2994,2024-09-19 03:00:00.000,61759.98,63850,61555,62947.99
2995,2024-09-20 03:00:00.000,62948,64133.32,62350,63201.05
2996,2024-09-21 03:00:00.000,63201.05,63559.9,62758,63348.96
2997,2024-09-22 03:00:00.000,63348.97,64000,62357.93,63578.76
2998,2024-09-23 03:00:00.000,63578.76,64745.88,62538.75,63339.99
2999,2024-09-24 03:00:00.000,63339.99,64688,62700,64262.7
3000,2024-09-25 03:00:00.000,64262.7,64817.99,62947.08,63152.01
3001,2024-09-26 03:00:00.000,63152.01,65839,62670,65173.99
3002,2024-09-27 03:00:00.000,65173.99,66498,64819.9,65769.95
3003,2024-09-28 03:00:00.000,65769.95,66260,65422.23,65858
3004,2024-09-29 03:00:00.000,65858,66076.12,65432,65602.01
3005,2024-09-30 03:00:00.000,65602.01,65618.8,62856.3,63327.59
3006,2024-10-01 03:00:00.000,63327.6,64130.63,60164,60805.78
3007,2024-10-02 03:00:00.000,60804.92,62390.31,60000,60649.28
3008,2024-10-03 03:00:00.000,60649.27,61477.19,59828.11,60752.71
3009,2024-10-04 03:00:00.000,60752.72,62484.85,60459.9,62086
3010,2024-10-05 03:00:00.000,62086,62370.56,61689.26,62058
3011,2024-10-06 03:00:00.000,62058.01,62975,61798.97,62819.91
3012,2024-10-07 03:00:00.000,62819.91,64478.19,62128,62224
3013,2024-10-08 03:00:00.000,62224.01,63200,61860.31,62160.49
3014,2024-10-09 03:00:00.000,62160.5,62543.75,60301,60636.02
3015,2024-10-10 03:00:00.000,60636.01,61321.68,58946,60326.39
3016,2024-10-11 03:00:00.000,60326.4,63417.56,60087.64,62540
3017,2024-10-12 03:00:00.000,62539.99,63480,62487.23,63206.22
3018,2024-10-13 03:00:00.000,63206.23,63285.72,62050,62870.02
3019,2024-10-14 03:00:00.000,62870.02,66500,62457.81,66083.99
3020,2024-10-15 03:00:00.000,66084,67950,64800.01,67074.14
3021,2024-10-16 03:00:00.000,67074.14,68424,66750.49,67620.01
3022,2024-10-17 03:00:00.000,67620,67939.4,66666,67421.78
3023,2024-10-18 03:00:00.000,67421.78,69000,67192.36,68428
3024,2024-10-19 03:00:00.000,68427.99,68693.26,68010,68378
3025,2024-10-20 03:00:00.000,68377.99,69400,68100,69031.99
3026,2024-10-21 03:00:00.000,69032,69519.52,66840.67,67377.5
3027,2024-10-22 03:00:00.000,67377.5,67836.01,66571.42,67426
3028,2024-10-23 03:00:00.000,67426.01,67472.83,65260,66668.65
3029,2024-10-24 03:00:00.000,66668.65,68850,66510,68198.28
3030,2024-10-25 03:00:00.000,68198.27,68771.49,65596.29,66698.33
3031,2024-10-26 03:00:00.000,66698.32,67454.55,66439.9,67092.76
3032,2024-10-27 03:00:00.000,67092.76,68332.05,66913.73,68021.7
3033,2024-10-28 03:00:00.000,68021.69,70270,67618,69962.21
3034,2024-10-29 03:00:00.000,69962.21,73620.12,69760,72736.42
3035,2024-10-30 03:00:00.000,72736.41,72961,71436,72344.74
3036,2024-10-31 03:00:00.000,72344.75,72700,69685.76,70292.01
3037,2024-11-01 03:00:00.000,70292.01,71632.95,68820.14,69496.01
3038,2024-11-02 03:00:00.000,69496,69914.37,69000.14,69374.74
3039,2024-11-03 03:00:00.000,69374.74,69391,67478.73,68775.99
3040,2024-11-04 03:00:00.000,68775.99,69500,66835,67850.01
3041,2024-11-05 03:00:00.000,67850.01,70577.91,67476.63,69372.01
3042,2024-11-06 03:00:00.000,69372.01,76400,69298,75571.99
3043,2024-11-07 03:00:00.000,75571.99,76849.99,74416,75857.89
3044,2024-11-08 03:00:00.000,75857.89,77199.99,75555,76509.78
3045,2024-11-09 03:00:00.000,76509.78,76900,75714.66,76677.46
3046,2024-11-10 03:00:00.000,76677.46,81500,76492,80370.01
3047,2024-11-11 03:00:00.000,80370.01,89530.54,80216.01,88647.99
3048,2024-11-12 03:00:00.000,88648,89940,85072,87952.01
3049,2024-11-13 03:00:00.000,87952,93265.64,86127.99,90375.2
3050,2024-11-14 03:00:00.000,90375.21,91790,86668.21,87325.59
3051,2024-11-15 03:00:00.000,87325.59,91850,87073.38,91032.07
3052,2024-11-16 03:00:00.000,91032.08,91779.66,90056.17,90586.92
3053,2024-11-17 03:00:00.000,90587.98,91449.99,88722,89855.99
3054,2024-11-18 03:00:00.000,89855.98,92594,89376.9,90464.08
3055,2024-11-19 03:00:00.000,90464.07,93905.51,90357,92310.79
3056,2024-11-20 03:00:00.000,92310.8,94831.97,91500,94286.56
3057,2024-11-21 03:00:00.000,94286.56,98988,94040,98317.12
3058,2024-11-22 03:00:00.000,98317.12,99588.01,97122.11,98892
3059,2024-11-23 03:00:00.000,98892,98908.85,97136,97672.4
3060,2024-11-24 03:00:00.000,97672.4,98564,95734.77,97900.04
3061,2024-11-25 03:00:00.000,97900.05,98871.8,92600.19,93010.01
3062,2024-11-26 03:00:00.000,93010.01,94973.37,90791.1,91965.16
3063,2024-11-27 03:00:00.000,91965.16,97208.21,91792.14,95863.11
3064,2024-11-28 03:00:00.000,95863.11,96564,94640,95643.98
3065,2024-11-29 03:00:00.000,95643.99,98619.99,95364.99,97460
3066,2024-11-30 03:00:00.000,97460,97463.95,96092.01,96407.99
3067,2024-12-01 03:00:00.000,96407.99,97836,95693.88,97185.18
3068,2024-12-02 03:00:00.000,97185.17,98130,94395,95840.62
3069,2024-12-03 03:00:00.000,95840.61,96305.52,93578.17,95849.69
3070,2024-12-04 03:00:00.000,95849.69,99000,94587.83,98587.32
3071,2024-12-05 03:00:00.000,98587.32,104088,90500,96945.63
3072,2024-12-06 03:00:00.000,96945.63,101898.99,95981.72,99740.84
3073,2024-12-07 03:00:00.000,99740.84,100439.18,98844,99831.99
3074,2024-12-08 03:00:00.000,99831.99,101351,98657.7,101109.59
3075,2024-12-09 03:00:00.000,101109.6,101215.93,94150.05,97276.47
3076,2024-12-10 03:00:00.000,97276.48,98270,94256.54,96593
3077,2024-12-11 03:00:00.000,96593,101888,95658.24,101125
3078,2024-12-12 03:00:00.000,101125,102540,99311.64,100004.29
3079,2024-12-13 03:00:00.000,100004.29,101895.26,99205,101424.25
3080,2024-12-14 03:00:00.000,101424.24,102650,100609.41,101420
3081,2024-12-15 03:00:00.000,101420,105250,101237.14,104463.99
3082,2024-12-16 03:00:00.000,104463.99,107793.07,103333,106058.66
3083,2024-12-17 03:00:00.000,106058.65,108353,105321.49,106133.74
3084,2024-12-18 03:00:00.000,106133.74,106524.98,100000,100204.01
3085,2024-12-19 03:00:00.000,100204.01,102800.11,95700,97461.86
3086,2024-12-20 03:00:00.000,97461.86,98233,92232.54,97805.44
3087,2024-12-21 03:00:00.000,97805.44,99540.61,96398.39,97291.99
3088,2024-12-22 03:00:00.000,97292,97448.08,94250.35,95186.27
3089,2024-12-23 03:00:00.000,95186.28,96538.92,92520,94881.47
3090,2024-12-24 03:00:00.000,94881.47,99487.99,93569.02,98663.58
3091,2024-12-25 03:00:00.000,98663.58,99569.15,97632.02,99429.6
3092,2024-12-26 03:00:00.000,99429.61,99963.7,95199.14,95791.6
3093,2024-12-27 03:00:00.000,95791.6,97544.58,93500.01,94299.03
3094,2024-12-28 03:00:00.000,94299.03,95733.99,94135.66,95300
3095,2024-12-29 03:00:00.000,95300,95340,93009.52,93738.2
3096,2024-12-30 03:00:00.000,93738.19,95024.5,91530.45,92792.05
3097,2024-12-31 03:00:00.000,92792.05,96250,92033.73,93576
3098,2025-01-01 03:00:00.000,93576,95151.15,92888,94591.79
3099,2025-01-02 03:00:00.000,94591.78,97839.5,94392,96984.79
3100,2025-01-03 03:00:00.000,96984.79,98976.91,96100.01,98174.18
3101,2025-01-04 03:00:00.000,98174.17,98778.43,97514.79,98220.5
3102,2025-01-05 03:00:00.000,98220.51,98836.85,97276.79,98363.61
3103,2025-01-06 03:00:00.000,98363.61,102480,97920,102235.6
3104,2025-01-07 03:00:00.000,102235.6,102724.38,96181.81,96954.61
3105,2025-01-08 03:00:00.000,96954.6,97268.65,92500.9,95060.61
3106,2025-01-09 03:00:00.000,95060.61,95382.32,91203.67,92552.49
3107,2025-01-10 03:00:00.000,92552.49,95836,92206.02,94726.11
3108,2025-01-11 03:00:00.000,94726.1,95050.94,93831.73,94599.99
3109,2025-01-12 03:00:00.000,94599.99,95450.1,93711.19,94545.06
3110,2025-01-13 03:00:00.000,94545.07,95940,89256.69,94536.1
3111,2025-01-14 03:00:00.000,94536.11,97371,94346.22,96560.86
3112,2025-01-15 03:00:00.000,96560.85,100681.94,96500,100497.35
3113,2025-01-16 03:00:00.000,100497.35,100866.66,97335.13,99987.3
3114,2025-01-17 03:00:00.000,99987.3,105865.22,99950.77,104077.48
3115,2025-01-18 03:00:00.000,104077.47,104988.88,102277.55,104556.23
3116,2025-01-19 03:00:00.000,104556.23,106422.43,99651.6,101331.57
3117,2025-01-20 03:00:00.000,101331.57,109588,99550,102260.01
3118,2025-01-21 03:00:00.000,102260,107240.81,100119.04,106143.82
3119,2025-01-22 03:00:00.000,106143.82,106394.46,103339.12,103706.66
3120,2025-01-23 03:00:00.000,103706.66,106850,101262.28,103910.34
3121,2025-01-24 03:00:00.000,103910.35,107120,102750,104870.5
3122,2025-01-25 03:00:00.000,104870.51,105286.52,104106.09,104746.85
3123,2025-01-26 03:00:00.000,104746.86,105500,102520.44,102620
3124,2025-01-27 03:00:00.000,102620.01,103260,97777.77,102082.83
3125,2025-01-28 03:00:00.000,102082.83,103800,100272.68,101335.52
3126,2025-01-29 03:00:00.000,101335.52,104782.68,101328.01,103733.24
3127,2025-01-30 03:00:00.000,103733.25,106457.44,103278.54,104722.94
3128,2025-01-31 03:00:00.000,104722.94,106012,101560,102429.56
3129,2025-02-01 03:00:00.000,102429.56,102783.71,100279.51,100635.65
3130,2025-02-02 03:00:00.000,100635.66,101456.6,96150,97700.59
3131,2025-02-03 03:00:00.000,97700.59,102500.01,91231,101328.52
3132,2025-02-04 03:00:00.000,101328.51,101732.31,96150,97763.13
3133,2025-02-05 03:00:00.000,97763.14,99149,96155,96612.43
3134,2025-02-06 03:00:00.000,96612.44,99120,95676.64,96554.35
3135,2025-02-07 03:00:00.000,96554.35,100137.99,95620.34,96506.8
3136,2025-02-08 03:00:00.000,96506.8,96880,95688,96444.74
3137,2025-02-09 03:00:00.000,96444.75,97323.09,94713,96462.75
3138,2025-02-10 03:00:00.000,96462.75,98345,95256,97430.82
3139,2025-02-11 03:00:00.000,97430.82,98478.42,94876.88,95778.2
3140,2025-02-12 03:00:00.000,95778.21,98119.99,94088.23,97869.99
3141,2025-02-13 03:00:00.000,97870,98083.91,95217.36,96608.14
3142,2025-02-14 03:00:00.000,96608.13,98826,96252.82,97500.48
3143,2025-02-15 03:00:00.000,97500.47,97972.26,97223.58,97569.66
3144,2025-02-16 03:00:00.000,97569.67,97704.47,96046.18,96118.12
3145,2025-02-17 03:00:00.000,96118.12,97046.59,95205,95780
3146,2025-02-18 03:00:00.000,95780.01,96753.91,93388.09,95671.74
3147,2025-02-19 03:00:00.000,95671.74,96899.99,95029.99,96644.37
3148,2025-02-20 03:00:00.000,96644.37,98711.36,96415.09,98305
3149,2025-02-21 03:00:00.000,98305.01,99475,94871.95,96181.98
3150,2025-02-22 03:00:00.000,96181.99,96980,95770.49,96551.01
3151,2025-02-23 03:00:00.000,96551.01,96650,95227.94,96258
3152,2025-02-24 03:00:00.000,96258,96500,91349.26,91552.88
3153,2025-02-25 03:00:00.000,91552.88,92540.69,86050.99,88680.4
3154,2025-02-26 03:00:00.000,88680.39,89414.15,82256.01,84250.09
3155,2025-02-27 03:00:00.000,84250.09,87078.46,82716.49,84708.58
3156,2025-02-28 03:00:00.000,84708.57,85120,78258.52,84349.94
3157,2025-03-01 03:00:00.000,84349.95,86558,83824.78,86064.53
3158,2025-03-02 03:00:00.000,86064.54,95000,85050.6,94270
3159,2025-03-03 03:00:00.000,94269.99,94416.46,85117.11,86220.61
3160,2025-03-04 03:00:00.000,86221.16,88967.52,81500,87281.98
3161,2025-03-05 03:00:00.000,87281.98,91000,86334.53,90606.01
3162,2025-03-06 03:00:00.000,90606,92810.64,87836,89931.89
3163,2025-03-07 03:00:00.000,89931.88,91283.02,84667.03,86801.75
3164,2025-03-08 03:00:00.000,86801.74,86897.25,85218.47,86222.45
3165,2025-03-09 03:00:00.000,86222.46,86500,80000,80734.37
3166,2025-03-10 03:00:00.000,80734.48,84123.46,77459.91,78595.86
3167,2025-03-11 03:00:00.000,78595.86,83617.4,76606,82932.99
3168,2025-03-12 03:00:00.000,82932.99,84539.85,80607.65,83680.12
3169,2025-03-13 03:00:00.000,83680.12,84336.33,79939.9,81115.78
3170,2025-03-14 03:00:00.000,81115.78,85309.71,80818.84,83983.2
3171,2025-03-15 03:00:00.000,83983.19,84676.28,83618,84338.44
3172,2025-03-16 03:00:00.000,84338.44,85117.04,81981.12,82574.53
3173,2025-03-17 03:00:00.000,82574.52,84756.83,82456,84010.03
3174,2025-03-18 03:00:00.000,84010.02,84021.74,81134.66,82715.03
3175,2025-03-19 03:00:00.000,82715.03,87000,82547.16,86845.94
3176,2025-03-20 03:00:00.000,86845.93,87453.67,83655.23,84223.39
3177,2025-03-21 03:00:00.000,84223.38,84850.33,83175.25,84088.79
3178,2025-03-22 03:00:00.000,84088.79,84539.17,83625.1,83840.59
3179,2025-03-23 03:00:00.000,83840.59,86129.64,83809.75,86082.5
3180,2025-03-24 03:00:00.000,86082.5,88765.43,85519.09,87498.16
3181,2025-03-25 03:00:00.000,87498.16,88539.63,86310,87392.87
3182,2025-03-26 03:00:00.000,87392.88,88275,85860,86909.17
3183,2025-03-27 03:00:00.000,86909.17,87756.39,85800,87232.01
3184,2025-03-28 03:00:00.000,87232.01,87515.67,83585,84424.38
3185,2025-03-29 03:00:00.000,84424.38,84624.73,81644.81,82648.54
3186,2025-03-30 03:00:00.000,82648.53,83534.64,81565,82389.99
3187,2025-03-31 03:00:00.000,82390,83943.08,81278.52,82550.01
3188,2025-04-01 03:00:00.000,82550,85579.46,82432.74,85158.34
3189,2025-04-02 03:00:00.000,85158.35,88500,82320,82516.29
3190,2025-04-03 03:00:00.000,82516.28,83998.02,81211.24,83213.09
3191,2025-04-04 03:00:00.000,83213.09,84720,81659,83889.87
3192,2025-04-05 03:00:00.000,83889.87,84266,82379.95,83537.99
3193,2025-04-06 03:00:00.000,83537.99,83817.63,77153.83,78430
3194,2025-04-07 03:00:00.000,78430,81243.58,74508,79163.24
3195,2025-04-08 03:00:00.000,79163.24,80867.99,76239.9,76322.42
3196,2025-04-09 03:00:00.000,76322.42,83588,74620,82615.22
3197,2025-04-10 03:00:00.000,82615.22,82753.21,78464.36,79607.3
3198,2025-04-11 03:00:00.000,79607.3,84300,78969.58,83423.84
3199,2025-04-12 03:00:00.000,83423.83,85905,82792.95,85276.9
3200,2025-04-13 03:00:00.000,85276.91,86100,83034.23,83760
3201,2025-04-14 03:00:00.000,83760,85799.99,83678,84591.58
3202,2025-04-15 03:00:00.000,84591.58,86496.42,83600,83643.99
3203,2025-04-16 03:00:00.000,83643.99,85500,83111.64,84030.38
3204,2025-04-17 03:00:00.000,84030.38,85470.01,83736.26,84947.91
3205,2025-04-18 03:00:00.000,84947.92,85132.08,84303.96,84474.69
3206,2025-04-19 03:00:00.000,84474.7,85677.99,84364.45,85077.01
3207,2025-04-20 03:00:00.000,85077,85320.76,83949.52,85179.24
3208,2025-04-21 03:00:00.000,85179.24,88465.99,85144.76,87516.23
3209,2025-04-22 03:00:00.000,87516.22,93888,87076.03,93442.99
3210,2025-04-23 03:00:00.000,93442.99,94696.05,91935.41,93691.08
3211,2025-04-24 03:00:00.000,93691.07,94005,91660.01,93980.47
3212,2025-04-25 03:00:00.000,93980.47,95758.04,92855.96,94638.68
3213,2025-04-26 03:00:00.000,94638.68,95199,93870.69,94628
3214,2025-04-27 03:00:00.000,94628,95369,93602.58,93749.3
3215,2025-04-28 03:00:00.000,93749.29,95630,92800.01,95011.18
3216,2025-04-29 03:00:00.000,95011.18,95461.53,93742.54,94256.82
3217,2025-04-30 03:00:00.000,94256.82,95228.45,92910,94172
3218,2025-05-01 03:00:00.000,94172,97424.02,94130.43,96489.91
3219,2025-05-02 03:00:00.000,96489.9,97895.68,96350,96887.14
3220,2025-05-03 03:00:00.000,96887.13,96935.67,95753.01,95856.42
3221,2025-05-04 03:00:00.000,95856.42,96304.48,94151.38,94277.62
3222,2025-05-05 03:00:00.000,94277.61,95199,93514.1,94733.68
3223,2025-05-06 03:00:00.000,94733.68,96920.65,93377,96834.02
3224,2025-05-07 03:00:00.000,96834.02,97732,95784.61,97030.5
3225,2025-05-08 03:00:00.000,97030.5,104145.76,96876.29,103261.6
3226,2025-05-09 03:00:00.000,103261.61,104361.3,102315.14,102971.99
3227,2025-05-10 03:00:00.000,102971.99,104984.57,102818.76,104809.53
3228,2025-05-11 03:00:00.000,104809.53,104972,103345.06,104118
3229,2025-05-12 03:00:00.000,104118,105819.45,100718.37,102791.32
3230,2025-05-13 03:00:00.000,102791.32,104976.25,101429.7,104103.72
3231,2025-05-14 03:00:00.000,104103.72,104356.95,102602.05,103507.82
3232,2025-05-15 03:00:00.000,103507.83,104192.7,101383.07,103763.71
3233,2025-05-16 03:00:00.000,103763.71,104550.33,103100.49,103463.9
3234,2025-05-17 03:00:00.000,103463.9,103709.86,102612.5,103126.65
3235,2025-05-18 03:00:00.000,103126.65,106660,103105.09,106454.26
3236,2025-05-19 03:00:00.000,106454.27,107108.62,102000,105573.74
3237,2025-05-20 03:00:00.000,105573.73,107320,104184.72,106849.99
3238,2025-05-21 03:00:00.000,106850,110797.38,106100.01,109643.99
3239,2025-05-22 03:00:00.000,109643.99,111980,109177.37,111696.21
3240,2025-05-23 03:00:00.000,111696.22,111800,106800,107318.3
3241,2025-05-24 03:00:00.000,107318.3,109506.03,106875.41,107761.91
3242,2025-05-25 03:00:00.000,107761.9,109299.99,106600.64,109004.19
3243,2025-05-26 03:00:00.000,109004.2,110422.22,108670.58,109434.79
3244,2025-05-27 03:00:00.000,109434.78,110718,107516.57,108938.17
3245,2025-05-28 03:00:00.000,108938.17,109284.7,106769.43,107781.78
3246,2025-05-29 03:00:00.000,107781.78,108891.91,105322.86,105589.75
3247,2025-05-30 03:00:00.000,105589.75,106313.12,103621,103985.48
3248,2025-05-31 03:00:00.000,103985.47,104900,103068.55,104591.88
3249,2025-06-01 03:00:00.000,104591.88,105866.91,103752.49,105642.93
3250,2025-06-02 03:00:00.000,105642.93,105935.63,103659.88,105857.99
3251,2025-06-03 03:00:00.000,105858,106794.67,104872.5,105376.89
3252,2025-06-04 03:00:00.000,105376.9,106000,104179,104696.86
3253,2025-06-05 03:00:00.000,104696.86,105909.71,100372.26,101508.68
3254,2025-06-06 03:00:00.000,101508.69,105333,101095.8,104288.44
3255,2025-06-07 03:00:00.000,104288.43,105900,103871.09,105552.15
3256,2025-06-08 03:00:00.000,105552.15,106488.14,104964.14,105734
3257,2025-06-09 03:00:00.000,105734.01,110530.17,105318.37,110263.02
3258,2025-06-10 03:00:00.000,110263.02,110400,108331.03,110274.39
3259,2025-06-11 03:00:00.000,110274.39,110392.01,108064,108645.12
3260,2025-06-12 03:00:00.000,108645.13,108813.55,105671.72,105671.73
3261,2025-06-13 03:00:00.000,105671.74,106179.53,102664.31,106066.59
3262,2025-06-14 03:00:00.000,106066.59,106252,104300,105414.64
3263,2025-06-15 03:00:00.000,105414.63,106128.57,104494.53,105594.01
3264,2025-06-16 03:00:00.000,105594.02,108952.38,104980.37,106794.53
3265,2025-06-17 03:00:00.000,106794.53,107771.34,103371.02,104551.17
3266,2025-06-18 03:00:00.000,104551.17,105550.27,103500,104886.78
3267,2025-06-19 03:00:00.000,104886.79,105226.17,103929.27,104658.59
3268,2025-06-20 03:00:00.000,104658.59,104820,104563.25,104711.29
